,kreis_key,population_2008,population_2009,population_2010,population_2011,population_2012,population_2013,population_2014,population_2015,population_2016,population_2017,population_2018,population_2019,population_density_2008,population_density_2009,population_density_2010,population_density_2011,population_density_2012,population_density_2013,population_density_2014,population_density_2015,population_density_2016,population_density_2017,population_density_2018,population_density_2019
0,01001,88182,88451,88535,82504,83132,83717,84333,85318,86687,87976,89012,89834,1563.6,1559.8,1564.3,1459.3,1471.0,1479.9,1492.7,1514.7,1540.9,1560.4,1577.7,1700.6
1,01002,236880,237516,238440,236552,238767,240700,242341,244727,246874,247692,247746,247171,2002.4,2008.3,2018.8,2003.1,2021.6,2035.7,2049.3,2075.9,2085.5,2089.7,2086.4,2080.0
2,01003,211355,210034,210063,210502,211196,212336,213689,215337,216483,216515,216758,216864,984.6,979.5,981.4,983.5,988.3,994.2,1001.0,1009.5,1011.7,1009.9,1014.0,1010.9
3,01004,77256,76936,76943,77238,77076,77005,77323,78393,79439,79508,79411,79842,1076.4,1073.5,1072.6,1077.8,1074.3,1075.8,1083.2,1105.6,1112.4,1107.1,1109.2,1119.1
4,01051,136089,135403,135094,133838,133226,132815,132675,132801,133239,133504,133329,133202,95.1,94.7,94.4,93.5,93.1,92.9,92.9,93.1,93.5,93.4,93.3,93.3
5,01053,187089,186698,186580,187118,187601,188474,189873,191851,194031,195569,196669,197642,148.1,147.8,148.0,148.3,148.8,149.7,151.0,152.8,154.4,155.2,156.2,156.8
6,01054,166596,166101,165774,163278,162633,162080,162063,163082,164443,165194,165485,165729,79.8,79.6,79.5,78.3,77.9,77.7,77.9,78.7,79.2,79.4,79.4,79.6
7,01055,205550,205056,204505,198303,197921,197859,198095,198965,200194,200699,200583,200560,147.4,147.2,146.8,142.1,142.1,142.1,142.4,143.3,144.2,144.0,144.0,144.0
8,01056,301416,301726,302700,296590,298067,300025,302655,305779,309062,311658,313527,315247,453.9,455.3,456.9,447.6,449.9,453.5,457.8,462.9,467.7,470.7,473.3,475.9
9,01057,135219,134613,134490,127620,126967,126682,126754,127585,128504,128773,128745,128667,124.5,124.2,124.0,117.4,117.0,116.9,117.1,118.5,118.8,118.9,118.7,118.8
10,01058,272065,271012,270302,269205,268452,268067,268352,269503,271358,272680,272899,273437,124.1,123.8,123.4,123.0,122.6,122.6,122.7,123.5,124.4,124.7,124.6,125.2
11,01059,198854,198513,198202,196015,195316,195023,195364,196216,197762,199094,199764,200591,95.9,95.8,95.5,94.5,94.1,94.2,94.4,95.0,95.9,96.3,96.6,97.1
12,01060,258313,257927,258522,260815,261565,262595,264087,266238,269869,273130,275029,276604,191.9,192.0,192.8,194.2,194.9,195.8,197.1,199.0,202.5,203.8,205.3,206.2
13,01061,134451,133747,133092,130850,130339,130076,130118,130838,131666,131744,131480,131180,127.0,126.3,125.8,123.6,123.2,123.1,123.3,124.5,124.9,124.7,124.4,124.1
14,01062,226557,227739,228924,230776,232144,233793,235690,238160,240713,242142,242834,243676,296.6,298.0,299.8,301.9,303.9,306.2,308.9,312.7,315.6,316.5,317.4,318.7
15,02000,1771532,1778107,1780065,1711944,1726230,1740307,1754567,1775100,1798923,1820511,1835882,1844216,2346.2,2349.0,2365.2,2274.8,2296.0,2312.4,2334.1,2366.7,2397.6,2424.3,2438.4,2446.4
16,03101,245712,246511,247909,243103,244814,246513,247865,249933,250016,248345,248158,248849,1280.3,1287.5,1295.2,1268.9,1279.1,1286.5,1293.1,1308.0,1290.4,1287.1,1288.5,1294.3
17,03102,104811,103941,102936,98906,98342,98146,98582,100023,102374,104108,104748,104620,466.4,462.0,457.3,440.3,438.1,438.5,442.0,451.4,461.8,465.7,467.5,464.6
18,03103,120183,120804,121290,120338,121324,122108,122742,123536,123977,123912,124033,124261,590.8,593.5,595.2,592.4,596.7,600.1,602.8,607.8,605.6,605.6,606.8,607.8
19,03151,174138,173537,173033,171146,170940,171245,172008,173373,174477,174914,175500,176222,111.2,110.8,110.5,109.3,109.4,109.7,110.4,111.5,111.5,111.7,112.2,112.6
20,03152,260054,259197,258480,248119,248007,248119,249235,252937,-,-,-,-,232.5,232.1,231.2,222.0,222.0,222.2,224.0,228.8,,,,
21,03153,147168,145343,143753,140041,139115,138244,137545,137746,138108,137771,137289,136653,151.5,149.9,148.2,144.6,143.6,142.8,142.2,143.2,142.7,142.3,141.7,141.0
22,03154,95419,94435,93355,91278,90655,90407,90666,91204,91790,91900,91514,91302,140.8,139.4,137.7,134.9,134.1,134.2,134.9,135.8,136.2,135.7,135.0,135.0
23,03155,143201,141386,139841,137225,135967,135040,134283,134401,134253,133328,132906,132525,112.3,110.9,109.7,107.7,106.9,106.3,105.7,106.5,105.3,104.9,104.6,104.3
24,03156,79845,78835,77845,76643,75709,74806,74080,73839,-,-,-,-,124.8,123.0,121.6,119.8,118.3,116.9,116.0,116.2,,,,
25,03157,133168,132292,131714,130350,130106,130097,130374,131461,132650,133174,133667,134383,247.9,246.9,245.8,243.3,243.1,243.3,244.1,247.3,247.9,248.6,249.7,251.3
26,03158,124165,123202,122458,120649,120271,120009,119968,120508,120943,120671,120199,119791,171.2,169.9,168.9,166.7,166.2,165.9,166.1,167.4,166.9,166.3,165.6,165.2
27,03159,-,-,-,-,-,322925,323315,326776,328302,327551,328055,327058,,,,,,116.9,116.0,116.2,186.3,186.9,186.9,185.7
28,03241,1129690,1129406,1130679,1103934,1109447,1116101,1123782,1136259,1146591,1150688,1155150,1157370,493.2,493.4,494.2,482.9,485.7,488.7,492.4,499.6,500.1,501.8,503.9,503.7
29,03251,215282,214727,214299,209822,209708,209813,210524,212535,214529,215547,216449,216988,107.9,107.5,107.4,105.5,105.5,105.6,106.2,107.6,108.0,108.5,108.9,109.0
30,03252,157195,155697,154597,150228,149023,148144,147784,148047,148273,148281,148428,148554,196.4,194.9,193.5,187.8,186.6,185.6,185.7,186.2,185.9,185.9,186.3,186.3
31,03254,287567,285433,283571,277305,275857,274925,274537,275805,277178,276970,276617,276206,237.7,236.0,234.6,229.2,228.3,227.6,227.7,229.7,229.5,228.9,228.9,228.3
32,03255,75655,74613,73723,73551,72807,72168,71658,71549,71585,71327,71060,70717,108.4,107.0,105.8,105.6,104.6,103.8,103.1,103.5,103.0,102.5,102.2,101.5
33,03256,124677,123867,123101,121372,120808,120037,119740,120132,121068,121487,121428,121388,88.6,87.9,87.4,86.8,85.9,85.7,85.5,86.2,86.7,86.7,86.7,86.7
34,03257,163568,162446,161175,157478,156533,155819,155723,156027,156911,157750,157832,157801,241.2,239.4,237.8,232.4,231.0,230.3,230.7,231.2,233.3,233.7,233.5,233.6
35,03351,180640,179709,178895,176512,175880,175629,175855,177064,178171,178567,178850,178974,116.6,116.0,115.5,113.9,113.7,113.6,114.0,115.2,115.0,115.3,115.4,115.4
36,03352,202611,201742,200876,198660,197774,197020,196697,197445,198387,198385,198157,198126,97.5,97.1,97.4,96.3,95.9,95.5,95.6,96.3,96.5,96.2,96.3,96.2
37,03353,244120,245222,246155,238745,239909,241710,244035,246661,249224,250919,252144,253604,196.5,197.3,198.3,192.2,193.2,195.1,196.9,199.3,200.5,201.5,202.5,203.8
38,03354,50215,49866,49441,49184,49005,48799,48699,49428,49477,48591,48391,48418,40.9,40.7,40.3,40.2,40.1,39.9,39.9,41.1,39.8,39.4,39.5,39.4
39,03355,176496,176642,177131,174268,175163,176184,177425,179421,181162,182268,183151,183756,133.4,133.8,134.0,132.0,132.7,133.5,134.6,136.5,136.8,137.8,138.1,138.7
40,03356,112596,112240,111931,110967,110829,110849,111183,112532,113137,112900,113311,113723,172.9,172.1,171.9,170.3,170.3,170.4,171.3,174.5,172.7,173.3,173.9,174.6
41,03357,164880,164358,164006,162642,161981,161544,161575,162548,163313,163375,163416,163619,79.5,79.3,79.2,78.3,78.1,77.9,78.2,78.8,78.7,78.7,78.8,78.9
42,03358,141281,140450,139922,136497,135922,136012,136226,138232,139953,139370,139427,140214,75.1,74.8,74.5,72.6,72.5,72.7,72.7,74.9,74.2,73.9,74.3,74.8
43,03359,197003,196925,197070,195430,195693,196148,196982,198751,200846,201763,202495,203807,155.5,155.6,155.7,154.5,154.6,155.2,156.0,158.0,159.1,159.3,160.3,161.4
44,03360,95457,94669,94244,93531,93043,92579,92445,92832,93046,92853,92658,92481,65.3,64.9,64.7,64.2,63.8,63.5,63.6,64.0,63.6,63.4,63.3,63.2
45,03361,133749,133468,133351,132131,132033,132294,132837,133930,135244,136216,136691,136963,169.5,169.2,169.3,167.4,167.7,168.1,169.1,170.9,172.1,173.0,173.3,173.7
46,03401,74958,74579,74521,73311,73476,73820,74428,75564,76684,77283,77564,77583,1198.7,1194.9,1192.4,1176.5,1180.1,1187.5,1199.6,1223.9,1233.7,1241.3,1242.7,1241.9
47,03402,51686,51363,51395,49884,49800,49771,49903,50355,50590,50547,50401,50054,458.9,456.5,459.4,443.7,442.8,443.1,445.1,451.2,449.4,450.5,446.8,444.3
48,03403,159750,160626,161577,157587,158182,159134,160259,162369,164771,166396,167646,168644,1556.6,1566.8,1574.8,1531.4,1540.5,1549.8,1562.4,1590.7,1607.4,1620.7,1631.7,1640.1
49,03404,162816,163100,163597,154116,155069,155970,156606,159650,163237,164222,164561,165000,1363.0,1364.9,1369.9,1289.8,1299.0,1304.8,1309.7,1355.6,1369.5,1372.1,1375.2,1379.4
50,03405,81784,81269,80988,77221,76736,76137,75631,75765,76098,76259,76297,76184,761.5,758.9,760.7,719.5,716.0,708.3,706.5,710.8,711.7,712.8,712.4,710.6
51,03451,117077,117258,117817,117525,118220,118677,119391,120676,122067,123038,123724,124465,160.8,161.3,162.0,161.9,162.7,163.2,164.6,166.7,167.9,168.9,169.8,170.9
52,03452,189893,189274,189055,187015,186693,186866,187528,188599,189633,190008,189899,189771,147.1,146.8,146.8,145.0,145.0,145.3,146.0,147.0,147.6,147.5,147.5,147.4
53,03453,157476,157753,158301,158826,159662,160105,161263,163542,165332,166928,168637,170015,110.9,111.1,111.5,112.3,112.8,112.9,114.5,116.1,116.8,118.2,119.2,120.2
54,03454,314013,313371,313031,311354,312245,313272,314723,317623,320440,322514,324647,326306,108.9,108.6,108.6,108.1,108.6,108.8,109.6,110.9,111.5,112.2,112.9,113.4
55,03455,100615,100068,99782,98036,97592,97210,97015,97419,98155,98459,98485,98582,165.0,164.3,163.8,161.0,160.1,159.7,159.5,161.0,161.5,161.6,161.5,161.9
56,03456,135376,135431,135191,133498,133526,133665,134004,134996,135716,135815,136185,136837,138.2,138.0,137.7,136.0,136.3,136.3,136.9,138.3,138.3,138.4,139.0,139.7
57,03457,165026,164878,164780,163848,164097,164497,165301,166679,167901,168600,169378,170283,151.9,151.8,151.7,151.0,151.2,151.7,152.7,154.3,155.0,155.6,156.4,157.3
58,03458,126082,126205,127190,125023,125339,125596,126288,127703,129046,129704,130034,130517,118.5,119.1,119.7,117.8,118.0,118.3,119.3,121.0,121.6,122.0,122.2,122.9
59,03459,358895,357838,356849,350486,350431,350373,350809,354698,356443,355474,356742,357712,168.9,168.3,167.9,165.2,165.2,165.1,165.6,168.8,167.2,167.8,168.4,168.8
60,03460,135218,135717,136120,132180,133107,133825,135186,137025,138769,140106,141069,142206,165.5,164.3,166.6,163.4,164.2,165.1,167.6,169.7,171.5,172.6,173.9,175.4
61,03461,92333,91623,90981,89876,89327,88979,88798,89002,89261,89152,88823,88604,111.9,111.0,110.4,108.9,108.4,108.1,108.0,108.6,108.2,107.9,107.5,107.4
62,03462,57675,57414,57405,56713,56467,56381,56470,56856,57027,56806,56807,56904,87.6,87.4,87.2,86.2,85.8,85.9,86.1,87.1,86.6,86.4,86.6,86.7
63,04011,547255,546835,546837,543500,545247,547499,550157,554616,561592,566863,568679,568456,1682.0,1683.0,1681.7,1671.2,1678.5,1684.9,1694.8,1709.1,1734.4,1741.4,1745.5,1740.0
64,04012,114778,114110,113600,108325,108231,108584,109483,112073,113530,113030,113330,113639,1452.0,1446.0,1208.3,1152.6,1154.6,1160.1,1173.7,1217.4,1206.9,1206.8,1213.3,1213.4
65,05111,582664,584751,587159,587812,591666,596184,601607,608353,612704,615255,618287,620586,2689.6,2698.7,2710.3,2712.2,2730.7,2753.7,2780.6,2815.8,2820.6,2839.2,2848.5,2860.4
66,05112,495136,492765,490558,488351,487143,486836,486160,488348,495538,498978,498350,498638,2122.1,2113.0,2102.6,2093.7,2091.1,2091.3,2085.3,2110.1,2147.1,2139.6,2141.7,2142.1
67,05113,580827,578025,575149,566582,566381,568373,571834,578204,582854,583239,583251,582935,2756.7,2740.0,2732.2,2690.4,2695.5,2709.3,2727.9,2769.9,2772.1,2773.6,2772.2,2770.6
68,05114,236477,235924,235226,222225,221945,222042,222279,223822,225978,226756,226860,227219,1715.7,1709.0,1706.5,1610.6,1611.8,1611.7,1614.9,1634.2,1646.3,1645.5,1647.8,1650.6
69,05116,259349,258460,257963,255256,254961,255259,256142,258425,260461,261557,261821,261244,1518.7,1515.1,1513.6,1495.1,1496.6,1498.6,1506.7,1525.2,1530.6,1538.0,1533.7,1531.3
70,05117,168645,167712,167622,166919,166729,166647,166874,168193,170107,171101,171073,170756,1843.4,1834.5,1833.1,1827.4,1825.7,1825.6,1830.7,1854.5,1872.7,1876.3,1872.0,1869.3
71,05119,216437,214880,213505,210373,210131,209551,209195,210113,211158,211402,211126,210797,2796.9,2775.6,2761.6,2727.1,2723.8,2712.0,2714.6,2736.2,2742.0,2742.5,2734.8,2734.0
72,05120,113362,112017,111037,110585,109742,109154,108982,109254,110055,110598,110789,111166,1510.4,1493.6,1482.1,1476.3,1467.4,1462.1,1462.8,1469.4,1484.3,1484.0,1489.5,1494.1
73,05122,162277,161348,160348,155205,155198,155542,156270,157749,158817,158856,159082,159303,1807.8,1799.2,1786.1,1732.0,1734.4,1739.6,1750.8,1772.7,1774.7,1773.5,1779.8,1778.5
74,05124,355070,352047,350133,342671,342728,343187,344457,347736,351218,352990,353986,354741,2098.2,2084.9,2076.9,2034.4,2036.3,2039.8,2051.3,2078.8,2092.7,2099.8,2104.5,2108.8
75,05154,308788,308309,307776,301026,301574,302338,303831,307650,310333,310800,311122,311720,250.3,250.0,249.8,244.4,244.9,245.5,247.3,251.7,251.7,252.5,252.2,253.4
76,05158,500833,497753,495812,478143,477658,477015,477197,480520,484025,485090,485547,485627,1226.2,1219.5,1216.3,1174.0,1172.3,1170.5,1173.2,1186.8,1190.4,1192.0,1192.7,1192.4
77,05162,443993,443162,443372,437405,438479,439914,441562,446274,448729,448420,450208,451369,769.5,768.6,768.9,759.3,761.9,764.2,767.6,780.6,776.2,779.7,782.6,783.7
78,05166,303059,302228,301194,296240,295715,295185,294994,296364,298042,298578,298834,298899,537.4,535.8,533.4,525.5,524.5,523.6,523.8,528.4,529.8,530.3,530.7,530.6
79,05170,473328,471290,469579,460378,459035,457681,457139,459954,462190,461191,460238,459893,452.9,451.2,449.5,441.0,439.5,438.3,438.5,443.7,442.8,441.8,440.9,441.1
80,05314,317087,318796,321126,306003,308700,310578,312623,316384,320467,323808,326374,328466,2251.4,2264.8,2300.7,2177.7,2196.3,2206.8,2225.7,2260.1,2283.6,2307.5,2320.0,2337.1
81,05315,996854,994567,1001581,1008225,1019019,1029274,1040428,1053631,1068259,1078165,1083029,1086764,2456.9,2463.4,2485.7,2501.8,2528.3,2553.5,2584.3,2618.6,2656.5,2667.6,2680.6,2686.0
82,05316,161296,160937,160572,159160,159650,160373,161180,162514,163300,163345,163708,163784,2045.9,2036.2,2038.4,2020.7,2027.7,2039.0,2048.2,2072.9,2068.1,2074.0,2077.3,2075.9
83,05334,-,566687,565501,540932,542177,543950,546364,550792,553197,553270,554767,556246,,800.9,800.1,765.8,767.7,771.0,774.7,783.5,781.6,783.8,785.8,788.0
84,05354,309611,-,-,-,-,-,-,-,-,-,-,-,566.1,,,,,,,,,,,
85,05358,270137,269005,268179,258806,258588,258518,258729,260951,262450,262481,263306,264180,286.4,285.4,284.4,274.6,274.8,274.5,275.2,279.2,278.3,279.2,280.1,281.1
86,05362,464311,464104,463913,451890,453792,455697,458025,463053,466103,466379,468649,470352,658.7,658.6,658.7,642.6,645.4,648.0,652.1,662.2,660.6,663.0,667.1,667.8
87,05366,192849,192305,191569,187982,187763,187581,187798,189662,191184,191665,192484,193248,154.3,153.8,152.9,150.4,150.3,150.1,150.7,153.1,153.1,153.9,154.4,155.1
88,05370,256495,255500,255035,248195,247994,248030,248772,250919,252589,252879,253714,254939,407.6,406.3,406.0,395.2,394.6,395.3,397.0,402.1,402.3,403.1,405.0,407.0
89,05374,285854,283716,281812,272902,271810,270811,270454,272035,273296,273054,272720,272264,310.2,307.7,305.7,296.3,295.3,294.2,294.5,297.6,297.3,297.1,296.5,296.1
90,05378,278151,277315,277049,278167,277907,278219,278969,281113,283017,283324,283400,283363,634.6,633.6,633.0,635.3,635.7,636.7,639.1,646.5,647.8,647.9,648.2,647.7
91,05382,598856,598260,598666,578727,580091,581434,584031,590997,597034,598455,599418,600272,518.7,518.9,519.2,502.6,503.5,504.9,508.0,517.0,518.4,519.5,520.1,520.9
92,05512,118203,117407,117106,117274,116786,116277,116036,116580,117276,117387,117374,117474,1170.4,1165.3,1160.6,1163.5,1157.9,1153.5,1153.1,1164.3,1167.0,1166.5,1166.6,1168.5
93,05513,263587,260889,258767,258689,257801,257729,257751,259010,261448,261417,260480,260150,2499.2,2477.1,2458.4,2458.5,2454.8,2457.1,2455.2,2481.1,2501.7,2480.5,2483.8,2474.2
94,05515,273106,274287,276897,287572,294996,298154,300943,306109,310943,312703,313939,314806,904.1,909.5,923.6,968.5,979.0,988.2,996.4,1022.3,1028.2,1033.9,1036.4,1039.6
95,05554,370413,369986,369634,364298,363956,364045,364731,367429,369446,369472,370197,371008,260.9,260.4,260.4,256.5,256.0,256.4,257.0,260.1,259.8,260.2,260.9,261.3
96,05558,220937,220374,219958,215333,215059,215185,215639,217199,218710,219190,219645,220258,198.7,198.4,197.6,193.4,193.4,193.6,194.2,196.4,197.0,197.3,197.8,198.4
97,05562,638201,634407,630612,619347,616805,614828,613485,615450,617501,617010,616043,614699,836.6,831.8,826.9,812.5,809.8,807.3,806.2,811.5,810.7,810.2,808.2,806.7
98,05566,444899,443954,443467,434302,433995,434326,435804,440251,443892,445487,447090,447917,247.9,247.5,247.3,242.0,241.8,241.9,243.4,246.9,247.5,248.7,249.3,249.6
99,05570,281049,279540,278643,273477,272909,272728,273018,275422,277588,277601,277621,277812,212.6,211.7,211.1,207.2,206.8,206.6,207.2,210.3,210.5,210.3,210.5,210.6
100,05711,324115,323006,323049,327151,327757,328589,329323,331436,333271,333002,333169,333991,1254.8,1252.7,1253.4,1268.6,1268.5,1270.6,1274.2,1287.0,1288.4,1284.9,1289.6,1291.2
101,05754,354210,353950,353688,350362,351219,351979,353399,357553,361235,362439,363566,364511,365.6,365.2,365.4,362.3,362.8,363.5,365.7,372.1,373.3,374.6,375.6,376.5
102,05758,252241,250958,249599,250571,249547,249068,249104,250671,251598,251307,251161,250681,558.9,556.0,553.3,554.9,553.2,552.8,553.3,559.8,557.4,558.5,556.8,556.3
103,05762,150576,149118,147949,145514,144300,143249,142779,143390,142933,141710,141116,140459,124.8,123.7,122.6,120.6,119.6,118.8,118.8,119.9,118.1,117.8,117.1,116.7
104,05766,356285,353989,352161,348696,347113,345935,345251,347939,349842,349001,348730,347953,285.0,283.3,281.8,279.0,278.0,277.1,276.9,281.5,280.0,280.1,279.6,278.9
105,05770,318671,316621,314963,311909,310461,309673,309286,311133,312458,311537,310959,310560,275.7,274.1,272.7,269.9,269.0,268.4,268.3,271.6,270.6,270.0,269.6,269.4
106,05774,298884,298905,299143,295031,295875,296412,297880,301702,304765,305280,306126,307365,239.9,240.0,240.6,237.1,237.5,238.0,239.9,244.1,244.8,244.9,246.1,246.9
107,05911,379907,377205,375302,362835,362399,361974,361805,363309,364831,365225,365079,365108,2603.1,2587.1,2572.7,2489.3,2486.7,2483.4,2484.4,2504.1,2505.3,2509.5,2503.3,2509.9
108,05913,585867,582273,580625,571299,571745,574016,578228,583346,585997,586207,586805,587630,2084.1,2073.0,2067.8,2035.6,2038.0,2051.7,2068.0,2088.2,2086.9,2089.7,2091.2,2095.6
109,05914,193043,191184,189399,187822,186788,186120,186356,187880,188655,187998,188272,188750,1198.5,1185.7,1175.7,1168.3,1161.5,1159.9,1163.7,1178.2,1173.4,1170.0,1176.8,1176.0
110,05915,182678,182063,181664,176270,176457,176244,176314,177989,179484,179378,179148,179514,806.5,803.3,803.5,780.0,779.2,777.5,779.8,792.3,793.1,791.3,791.0,794.5
111,05916,167702,166207,165165,155171,154725,154490,154513,155230,156313,156632,156432,156412,3246.9,3221.8,3204.9,3012.8,3005.9,3003.1,3006.8,3030.9,3048.9,3043.4,3041.1,3042.6
112,05954,337244,334618,332638,325985,324684,323477,322824,324435,325664,325022,324483,324201,822.7,817.3,812.0,796.1,793.8,790.2,790.6,795.7,794.3,792.6,791.7,791.2
113,05958,272899,270838,268771,266238,264460,262860,261780,262662,263016,261930,261033,260126,138.8,137.8,136.5,135.3,134.5,133.7,133.4,134.6,133.8,133.5,132.9,132.5
114,05962,439913,435988,432465,423833,421295,418108,415030,414996,415529,414135,412752,411171,413.4,409.8,407.0,399.1,395.8,392.3,390.0,392.2,391.0,389.6,388.4,386.6
115,05966,140752,140103,139375,136407,135834,135235,134853,135562,135674,134896,134792,134365,197.6,196.5,195.5,191.2,190.3,189.5,189.2,191.5,189.5,189.3,189.3,188.1
116,05970,287419,285291,283521,276754,275911,275249,275407,278355,279367,277955,278094,277577,253.0,251.3,249.8,243.8,243.3,242.7,243.5,247.9,245.3,245.4,245.6,244.5
117,05974,306709,305727,304820,296795,296285,295500,295857,299869,302325,301674,301798,301844,230.5,229.8,229.1,223.3,222.8,222.0,223.3,228.1,227.0,227.1,227.2,227.1
118,05978,418047,415196,412850,395983,393907,392281,391698,393905,394952,393902,394358,394837,767.8,762.9,758.8,727.6,724.0,720.9,721.2,729.1,725.1,725.2,726.8,727.0
119,06411,142255,142785,143508,143523,146885,148834,150811,153616,156395,157846,158731,159543,1165.6,1174.0,1182.8,1194.6,1211.6,1226.5,1244.0,1272.4,1289.7,1296.4,1304.2,1309.7
120,06412,663287,668283,676530,670732,682154,694563,709487,725156,734551,741646,749967,758218,2677.5,2706.0,2737.2,2724.5,2769.8,2824.5,2890.0,2950.7,2965.7,3007.8,3032.7,3074.3
121,06413,118602,119156,119621,113803,115900,118074,120096,122361,124162,125624,127701,129512,2650.4,2645.8,2682.9,2558.6,2605.1,2655.4,2695.2,2756.4,2776.0,2822.1,2868.6,2902.9
122,06414,276350,277168,276531,269575,271794,273254,274494,275667,276919,278137,278498,278408,1357.2,1360.7,1353.3,1328.7,1337.0,1343.0,1349.1,1354.5,1361.7,1366.8,1365.3,1365.9
123,06431,263954,263157,262817,261077,261427,262009,263072,265375,267432,268358,269237,270017,366.2,365.2,365.0,363.0,363.7,364.6,366.7,371.0,372.4,373.6,374.9,375.7
124,06432,289131,288671,289160,283051,283939,284910,286687,290370,293759,295396,296724,297622,438.3,438.7,439.1,430.4,431.8,433.3,437.2,444.5,447.5,449.5,451.5,452.2
125,06433,253414,253449,254343,251635,253827,256092,259047,263418,267544,270224,272965,275126,559.7,559.8,562.6,557.9,562.6,567.9,575.7,587.2,593.9,599.1,606.0,608.6
126,06434,225859,226036,226831,226502,227531,228633,229983,232113,234209,235493,236280,236739,468.3,469.5,471.8,470.9,473.2,475.4,478.8,484.3,487.7,489.8,491.0,491.7
127,06435,407837,407086,407089,401400,402479,404065,406307,409788,414336,417462,418579,419751,291.5,291.2,291.4,287.5,288.5,289.8,291.7,294.8,298.2,299.3,299.8,301.0
128,06436,225777,226358,227066,224318,225468,227067,228999,231412,234278,236339,237352,238147,1016.6,1019.1,1022.5,1010.9,1016.7,1025.3,1034.1,1047.0,1059.2,1064.9,1068.3,1072.0
129,06437,98525,97785,97238,96899,96717,96425,96142,96541,96737,96535,96698,96751,157.2,156.3,155.5,155.1,154.9,154.2,154.0,155.5,154.6,154.8,155.1,155.0
130,06438,336850,336873,337671,333017,335142,337283,339985,344513,348670,350837,352892,354953,945.3,946.3,948.8,937.5,943.8,949.5,958.9,974.9,982.4,987.2,994.0,998.8
131,06439,183803,183294,183202,180477,180709,181051,181654,183116,184891,186135,186880,187159,226.1,225.9,225.7,222.4,222.9,223.3,224.4,226.9,228.8,230.0,230.7,230.7
132,06440,298694,298254,298124,292900,293527,294674,296389,299650,302923,304613,305886,307400,271.2,270.9,270.7,266.3,267.0,268.4,270.2,274.3,276.1,277.4,278.4,280.1
133,06531,255227,255206,255799,252105,252814,253431,256827,261170,264102,266378,267966,269782,298.7,299.3,300.1,295.5,296.1,297.0,304.0,307.1,310.9,312.5,314.6,316.8
134,06532,257381,255756,254249,253434,252503,251717,251384,252304,253621,254119,253971,253548,240.6,239.0,237.7,237.1,236.4,235.7,235.8,237.4,238.3,238.4,238.0,237.6
135,06533,173341,172209,171209,170637,170188,169934,170175,171154,172021,172046,172027,171998,233.9,232.2,231.2,230.8,230.1,230.2,230.7,232.8,233.1,232.9,233.0,232.8
136,06534,251611,251164,250845,241723,241427,241468,241627,243420,245127,245589,246407,246866,199.4,198.9,198.9,191.3,191.1,191.4,191.4,194.2,194.1,195.0,195.4,195.7
137,06535,112959,111732,110109,108445,107471,106665,106073,106510,106997,106594,106165,105761,76.9,76.1,75.0,74.0,73.3,72.9,72.5,73.5,73.2,73.0,72.6,72.4
138,06611,193618,194212,194712,191375,192364,193481,194417,196366,198523,199899,201161,201861,1818.4,1824.1,1831.1,1796.7,1806.3,1817.6,1823.8,1854.1,1863.9,1879.6,1887.5,1892.7
139,06631,218594,218030,217424,216240,216019,216204,216820,218729,220651,221477,222184,222865,158.2,157.8,157.4,156.4,156.5,156.7,157.4,159.5,160.2,160.7,161.2,161.7
140,06632,124597,123380,122501,120857,120471,119908,119523,120280,121102,121069,120965,120774,113.0,111.9,111.4,110.1,109.5,109.1,108.8,110.4,110.3,110.3,110.1,110.0
141,06633,240047,238613,237608,234980,234443,233779,233402,234632,236359,236790,236654,236699,185.1,184.1,183.3,181.5,181.1,180.5,180.6,182.4,183.2,183.0,183.0,183.1
142,06634,186250,184526,183243,181875,180803,179854,179448,179888,180708,180930,180488,179948,120.4,119.4,118.7,117.9,117.2,116.6,116.6,117.2,117.7,117.4,117.1,116.7
143,06635,165401,163956,162490,158859,157752,156950,156534,157026,157780,157612,157105,156680,89.1,88.2,87.6,85.6,85.1,84.7,84.6,85.3,85.4,85.1,84.9,84.6
144,06636,106462,105182,104247,102159,101378,100635,100281,100461,100840,101033,101059,100823,103.2,102.1,101.2,99.4,98.5,97.9,97.8,98.3,98.5,98.7,98.6,98.2
145,07111,106179,106242,106409,107855,108867,110211,111039,112010,113096,113725,113934,114038,1011.9,1013.4,1013.0,1027.4,1044.3,1052.4,1060.0,1070.6,1079.4,1081.7,1083.4,1083.6
146,07131,128836,128295,127795,126096,125894,125970,126373,127207,128113,128685,129321,129907,163.3,162.7,161.9,160.0,159.9,160.2,160.9,162.4,163.2,163.8,164.8,165.3
147,07132,134269,133258,132502,130528,129564,128770,128301,128700,129067,128876,128748,128755,208.4,207.0,205.5,202.4,201.2,200.0,199.7,201.2,200.8,200.5,200.4,200.5
148,07133,157057,156204,155693,155445,155355,155302,155621,156383,157107,157471,157815,158213,181.4,180.4,180.1,179.9,179.8,179.8,180.6,181.6,182.2,182.4,183.0,183.3
149,07134,85878,84647,83691,82689,81729,80904,80632,80603,80707,80764,80724,80836,109.7,108.4,107.2,106.0,104.5,103.9,103.8,103.8,104.0,103.9,103.9,104.2
150,07135,64689,64180,63705,63013,62590,62250,62080,62216,62128,61763,61625,61481,89.6,88.7,88.1,87.2,86.6,86.3,89.6,90.1,89.3,89.1,88.9,88.6
151,07137,212586,211392,210721,210442,210141,209910,210113,211183,212447,213261,213907,214347,259.5,258.3,257.3,257.2,257.0,256.7,257.5,259.3,260.4,261.2,262.0,262.2
152,07138,183134,182009,181235,180701,180155,179633,179386,179986,181097,181596,181798,182376,291.2,289.5,288.7,287.9,286.8,286.3,286.0,288.2,289.5,289.7,290.1,291.5
153,07140,103981,103228,102469,103207,102414,101975,101900,102237,102778,102982,102938,103050,107.6,106.8,106.0,106.6,106.0,105.7,102.9,103.4,104.0,103.9,103.9,104.1
154,07141,125828,124938,124128,123068,122224,121607,121431,122515,123048,122467,122345,122303,160.4,159.1,158.0,156.7,155.7,155.1,155.3,157.9,156.7,156.4,156.4,156.3
155,07143,201319,200109,199005,200122,199272,198778,198918,199717,200665,201033,201318,201751,203.1,201.8,200.8,201.9,201.1,200.9,201.3,202.5,203.3,203.3,203.8,204.1
156,07211,104103,104356,104566,106059,106414,106889,107853,111693,112513,110062,110325,111082,893.4,892.9,898.7,907.4,909.6,915.5,926.1,981.1,940.6,939.8,945.1,952.7
157,07231,112813,112033,111362,111315,111042,110738,110812,111405,111918,112070,112198,112373,95.5,94.7,94.3,95.3,94.9,94.8,95.1,95.8,95.9,96.0,96.1,96.3
158,07232,95122,94597,94229,95832,95849,96052,96283,96794,97601,98117,98387,98810,58.3,58.0,57.8,58.9,59.0,59.1,59.3,59.8,60.2,60.4,60.6,60.9
159,07233,62524,62021,61568,61844,61303,60919,60770,60785,60776,60731,60654,60625,68.3,67.8,67.2,67.5,67.0,66.7,66.7,66.7,66.6,66.6,66.5,66.5
160,07235,141101,141289,141525,143413,143723,144115,144782,146613,147917,148183,148739,149172,129.4,129.6,129.8,130.3,130.6,131.0,131.8,134.4,134.1,134.8,135.1,135.5
161,07311,47076,46892,46864,46516,46826,47184,47528,48044,48405,48431,48489,48662,1072.9,1071.2,1069.3,1065.3,1074.8,1081.6,1090.6,1105.2,1104.0,1103.4,1106.7,1111.3
162,07312,97526,98319,99176,96698,97038,97137,97272,97951,98911,99493,99765,99938,697.4,710.5,709.8,693.9,695.0,695.4,696.9,705.0,710.8,713.6,714.7,716.0
163,07313,43009,43017,43313,43326,43559,43733,44145,44914,45684,46149,46485,46779,518.4,518.2,525.7,524.1,526.0,528.3,536.0,546.8,554.7,558.1,562.8,565.2
164,07314,163605,163386,163805,157991,159408,160849,162675,164275,165670,167559,169779,171657,2107.9,2106.3,2119.3,2045.6,2065.5,2082.8,2112.6,2124.0,2151.9,2176.1,2209.2,2224.6
165,07315,197839,197327,198106,200325,201879,203512,205630,208385,211654,214319,216114,217848,2021.9,2023.5,2038.4,2056.5,2074.4,2089.9,2117.8,2146.3,2184.9,2201.1,2221.6,2236.5
166,07316,53909,53593,53002,52287,52295,52334,52482,52782,53105,53281,53251,53206,458.2,457.1,451.4,446.8,446.4,447.5,448.9,452.6,454.4,455.7,453.9,454.9
167,07317,41644,41062,40571,40834,40461,40184,40074,40086,40271,40524,40518,40317,673.9,665.0,658.0,662.5,656.1,653.4,652.5,653.8,658.7,662.2,658.5,655.8
168,07318,50648,49852,49813,49627,49738,49752,49798,50070,50418,50741,50655,50470,1172.3,1169.5,1170.6,1167.2,1168.2,1167.6,1170.3,1180.4,1183.6,1192.5,1179.5,1183.8
169,07319,82144,81875,81708,79372,79627,80012,80653,81556,82349,82838,83206,83436,754.5,752.2,751.7,731.4,733.3,738.5,745.1,755.1,759.6,764.1,766.4,768.3
170,07320,34621,34321,34023,34234,34113,34074,34048,34136,34345,34349,34240,34201,488.7,482.9,480.5,483.6,482.2,482.5,481.5,485.0,487.4,485.1,484.3,484.0
171,07331,125433,124959,124706,125176,125141,125193,125606,126636,127736,128358,128882,129466,213.0,212.1,212.1,212.7,212.8,212.9,214.2,216.4,218.0,218.5,219.8,220.5
172,07332,134144,133349,132922,131076,130924,130984,131286,131867,132582,132850,132700,132666,224.6,223.7,223.2,220.1,220.1,220.3,221.1,222.3,223.6,223.2,223.1,223.1
173,07333,77607,76883,76237,76011,75665,75350,75077,75096,75217,75153,75102,75213,119.8,118.6,117.6,117.5,117.0,116.5,116.1,116.5,116.5,116.4,116.4,116.7
174,07334,125724,125153,124862,124178,124592,125162,125850,126785,127755,128341,128776,129044,271.1,269.8,269.5,268.3,269.6,270.7,272.5,274.7,276.7,277.3,278.6,278.5
175,07335,107635,106623,105762,105286,104677,104280,104203,104627,105236,105577,105853,106018,167.5,165.9,164.8,164.0,163.2,162.7,163.0,164.0,164.9,165.1,165.7,165.6
176,07336,74487,73654,72953,72829,72112,71432,70991,70940,70949,70832,70645,70373,129.0,127.8,126.6,126.4,125.2,124.0,123.6,123.8,123.6,123.4,123.0,122.4
177,07337,109921,109411,109063,108369,108526,108889,109381,110131,110706,110754,110489,110439,171.3,170.6,170.4,169.3,170.0,170.4,171.5,172.7,173.3,172.9,172.5,172.7
178,07338,149257,149103,148683,147046,147710,148574,149560,150799,152295,153336,153915,154405,488.9,487.7,486.9,483.2,485.6,488.8,492.1,497.0,501.8,503.7,505.6,506.9
179,07339,201618,201456,202035,200935,201743,202780,203926,206632,208967,209485,210337,211153,332.5,332.8,334.0,332.3,333.8,335.7,337.6,344.6,345.6,346.5,348.4,349.2
180,07340,101093,100041,99241,98374,97594,96890,96505,96442,96216,95716,95294,94972,105.4,104.4,103.7,102.8,101.9,101.3,101.1,101.2,100.6,100.1,99.7,99.5
181,08111,598511,600788,602873,587442,594477,601118,608369,618090,625885,630388,633787,635371,2894.0,2901.6,2925.4,2850.3,2883.7,2914.4,2953.7,3008.1,3029.1,3051.6,3061.9,3067.1
182,08115,372947,372383,371619,363979,365833,368800,372336,377780,383585,387718,390594,392224,603.4,601.5,601.1,589.9,594.4,599.5,605.8,617.1,624.6,630.6,634.0,635.9
183,08116,514826,514319,514400,503712,506769,510428,514529,520453,526460,530620,533153,534442,802.3,801.4,802.6,787.2,792.8,798.6,805.6,817.1,824.6,830.3,832.5,834.3
184,08117,255328,254128,253030,247435,247515,248324,249465,251433,253684,255482,256799,257699,396.7,394.7,393.2,384.8,385.8,387.3,389.4,393.5,396.4,399.1,400.5,401.9
185,08118,515722,516494,517432,510552,514417,519191,524005,530226,535988,540266,543307,544704,751.1,752.6,754.2,745.6,752.4,759.5,766.4,777.6,783.2,790.1,792.1,794.2
186,08119,416788,415969,415725,406978,407989,409926,412521,416736,421077,423788,425518,426703,485.1,484.4,484.1,474.5,476.4,479.0,482.5,488.8,492.6,495.1,496.6,497.9
187,08121,121949,122159,122608,116062,117124,117827,118982,121204,123169,124442,125537,126276,1222.4,1225.6,1230.3,1168.6,1176.7,1182.6,1199.8,1227.1,1239.1,1252.5,1261.0,1267.2
188,08125,330048,329579,328924,322973,323856,325289,327643,331819,335980,339172,341920,343762,299.8,299.2,298.5,293.8,295.1,296.4,299.3,304.0,306.9,309.8,311.9,313.2
189,08126,109865,109422,109144,107229,107349,107682,108341,109499,110435,111041,111701,112333,141.0,140.4,140.2,138.0,138.4,138.9,140.1,141.8,142.5,143.4,144.2,145.0
190,08127,189426,189097,188673,186397,186678,187305,188328,190294,192286,193581,195032,196311,127.5,127.2,127.0,125.6,126.0,126.5,127.3,129.1,130.0,130.9,132.0,132.6
191,08128,135243,134592,133790,130598,130137,129850,130078,131240,132228,132232,132255,132360,103.4,102.9,102.2,100.0,99.5,99.6,99.9,101.3,101.4,101.4,101.5,101.5
192,08135,133137,132362,131644,127861,127650,127778,128421,129711,131013,131752,132239,132625,211.7,210.3,209.1,203.6,203.5,204.0,205.5,208.1,209.7,210.5,211.2,211.7
193,08136,314213,312778,311483,306565,306455,306709,307569,310428,312119,312005,313212,314014,207.4,206.5,205.6,202.7,202.8,203.1,203.9,206.8,206.2,206.7,207.8,207.8
194,08211,54862,54675,54456,52404,52505,52799,53177,53751,54234,54513,54921,55154,390.8,388.7,388.3,373.9,375.0,378.1,380.4,386.3,387.4,390.3,393.2,393.6
195,08212,289305,290735,292770,290548,294014,297568,299577,303903,308877,310959,312506,312576,1676.1,1683.1,1699.3,1683.4,1706.6,1724.3,1729.8,1774.2,1787.6,1798.6,1805.4,1799.4
196,08215,431702,431535,431977,424134,425808,428146,430251,433578,438089,441505,443453,444667,397.6,397.8,398.4,391.3,393.7,395.6,397.5,401.7,405.7,407.9,409.3,410.2
197,08216,227536,227024,226961,222100,222337,222892,223999,226081,228191,229562,230617,231219,307.4,307.2,307.0,300.8,301.1,302.3,304.1,307.9,310.0,311.8,312.9,313.4
198,08221,145047,145683,146323,147266,149375,151224,153414,155491,158091,160258,160478,160920,1338.3,1345.8,1353.6,1363.7,1381.4,1397.7,1421.6,1435.7,1468.6,1474.9,1473.4,1483.8
199,08222,310737,311601,312353,290588,293043,295659,298267,302812,305281,306389,308684,310014,2147.8,2152.1,2160.4,2010.6,2032.5,2046.7,2068.5,2109.4,2102.4,2124.6,2134.0,2142.9
200,08225,149234,148289,147460,142863,142141,141716,141618,142294,143107,143327,143456,143584,132.1,131.2,130.5,126.5,125.9,125.7,125.8,126.9,127.3,127.3,127.5,127.6
201,08226,535141,535491,536827,524496,526246,529150,532871,538294,543130,545573,547185,547990,504.2,505.1,506.4,494.7,496.6,500.1,503.6,510.4,512.8,515.0,515.9,516.6
202,08231,119498,119811,119829,114735,115818,117090,118523,120769,122870,123891,124916,125750,1222.5,1222.2,1222.3,1175.6,1188.0,1201.6,1217.3,1247.4,1259.2,1267.3,1281.2,1285.4
203,08235,159180,158461,157682,151147,150850,151085,152114,154063,155660,156692,157911,158799,199.0,198.2,197.2,189.3,189.0,189.9,191.6,194.8,195.6,197.4,198.7,199.7
204,08236,195516,194976,194276,191467,191777,192452,193270,194897,196656,197808,198637,199231,340.5,339.1,338.0,333.7,334.8,336.1,337.7,341.8,343.9,345.8,346.8,347.9
205,08237,121700,120967,120344,115813,115138,114924,114970,115690,116463,117074,117696,118089,139.3,138.6,137.7,132.3,132.1,131.8,132.3,133.5,134.1,134.9,135.5,135.8
206,08311,219314,220213,222576,211729,216139,219165,221245,224298,226992,228613,229939,230718,1435.2,1449.9,1464.7,1399.7,1424.6,1439.2,1451.7,1479.1,1487.1,1500.5,1504.4,1510.7
207,08315,250650,250432,251025,245922,247074,248924,251443,255046,258880,261411,262600,263198,181.5,181.7,182.3,178.8,179.7,181.5,183.4,186.7,188.9,190.4,190.7,191.2
208,08316,157661,157701,158009,156517,157061,157788,158943,160895,162667,163982,165048,165896,231.9,232.1,232.9,230.5,231.5,232.7,234.9,238.4,240.1,242.3,243.3,244.8
209,08317,417906,417535,417596,410218,411054,412189,414159,417873,421733,424646,427706,430216,225.6,225.4,225.6,221.7,222.4,223.0,224.6,227.0,228.8,230.2,232.1,232.9
210,08325,141324,140720,139780,136345,135801,135436,135616,136706,137914,138593,139157,139667,183.3,182.4,181.1,176.8,176.2,175.9,176.6,178.7,179.8,180.5,181.2,181.8
211,08326,209316,208023,206960,204137,204282,204838,205603,207882,209866,210646,211794,212444,203.6,202.2,201.4,199.0,199.5,200.0,201.0,204.5,204.9,206.0,207.1,207.3
212,08327,135289,134888,134502,132175,132334,132837,133903,135607,137363,138758,139775,140459,184.0,183.4,182.7,180.0,180.4,181.4,183.3,186.0,188.1,189.8,190.8,191.7
213,08335,275434,276650,278069,267454,269416,271988,274596,278037,281240,283103,284670,285815,337.7,339.3,341.1,328.0,330.8,334.3,337.2,342.7,345.0,347.2,348.8,350.0
214,08336,222562,222464,222628,219147,220044,221275,222818,225200,227127,227930,228477,228688,275.9,275.7,276.0,272.0,273.4,275.1,277.3,281.0,282.1,283.0,283.4,283.6
215,08337,167149,166675,166287,163172,163420,163982,164738,166536,168357,169525,170409,170811,147.5,147.1,146.9,144.2,144.7,145.2,146.1,148.4,149.3,150.5,150.8,151.2
216,08415,281346,281055,280849,273499,274169,275355,277025,280072,283098,284918,286251,286891,256.9,256.8,256.8,266.2,267.2,268.5,270.4,274.4,276.4,278.0,279.0,279.3
217,08416,217519,219683,220769,212437,213847,215715,217445,220096,223236,225195,226543,228005,421.2,425.3,426.3,409.9,413.9,417.1,420.6,427.3,432.7,434.9,437.9,440.5
218,08417,191059,189865,189011,185458,184894,184637,185488,187478,187998,187786,188553,189149,207.4,206.3,205.3,201.7,201.2,201.2,203.1,205.5,204.2,205.1,205.9,206.4
219,08421,121437,121913,122331,117078,117759,118598,119966,121675,123295,124775,125963,126560,1024.9,1028.6,1034.6,990.3,994.0,1004.4,1017.1,1033.2,1044.4,1058.3,1064.5,1068.3
220,08425,190389,190211,189819,186404,186784,187508,188511,190617,192711,193974,195338,196562,140.3,139.9,139.7,137.2,137.7,138.3,139.2,141.4,142.3,143.3,144.3,145.1
221,08426,189290,189409,189542,187393,187628,188222,189567,192229,195113,197236,199004,200512,134.3,134.4,134.3,133.0,133.2,133.9,135.1,137.6,139.2,140.7,141.7,142.8
222,08435,207786,208101,208612,203787,205163,206647,208418,210794,212636,213863,215441,216849,312.5,312.4,313.4,307.6,309.6,312.0,315.0,319.2,320.5,322.9,325.3,327.1
223,08436,276591,276662,276812,269668,271277,272983,274440,277318,280462,282446,283775,284855,169.4,169.4,169.7,165.5,166.9,167.6,168.7,171.2,172.6,173.6,174.2,174.9
224,08437,132167,131410,130668,127601,127341,127187,127409,129244,130524,130234,130533,130861,109.3,108.8,108.1,105.8,105.7,105.5,106.0,108.6,108.2,108.1,108.7,108.7
225,09161,123496,124207,124769,125270,126981,128511,130069,131720,133039,134442,136113,137187,929.3,932.6,937.9,945.3,958.9,968.3,982.2,993.0,1002.2,1014.2,1027.2,1030.3
226,09162,1318012,1321246,1342177,1352764,1376614,1398072,1418710,1439983,1457341,1460170,1463774,1477867,4274.5,4282.2,4355.3,4393.0,4468.3,4531.2,4601.2,4668.1,4712.8,4686.2,4736.1,4777.0
227,09163,60566,60749,61035,59435,59739,60200,60677,61367,62258,62876,63202,63438,1630.7,1635.6,1646.9,1599.8,1610.3,1624.5,1635.9,1661.6,1683.8,1694.8,1701.3,1707.4
228,09171,108450,108145,107788,106146,106429,106740,107215,107975,108954,109880,110774,111363,190.0,189.5,189.2,186.8,187.1,187.9,188.8,190.5,192.2,193.8,195.4,195.9
229,09172,102283,102053,102286,100937,101569,102111,102661,103442,104194,104766,105387,105826,121.6,121.5,121.9,120.6,121.3,121.9,122.6,123.7,124.4,125.1,125.9,126.1
230,09173,120964,120998,121411,119404,120199,121391,122729,124135,125299,126120,126900,127572,108.8,109.2,109.7,107.8,108.6,109.9,111.0,112.5,113.1,114.0,114.6,115.2
231,09174,136637,137152,138097,139046,140971,143214,145343,147825,150105,151771,153294,154392,236.2,237.7,239.2,241.6,245.2,249.3,252.6,257.9,260.4,263.7,265.7,267.5
232,09175,126788,127432,128527,127956,129941,132009,133940,136147,138219,139908,141471,142896,231.3,232.8,235.2,234.6,238.5,242.1,245.5,250.1,253.0,256.3,258.7,261.5
233,09176,124471,124686,124814,123653,124500,125449,126524,127997,129807,131227,131994,132611,102.8,102.7,103.0,102.1,103.0,103.7,104.8,106.1,107.8,108.5,109.0,109.5
234,09177,125230,125926,126633,126027,127483,129264,131039,132793,134588,136157,137272,137921,144.2,145.1,145.9,145.5,147.3,149.6,151.4,153.6,155.5,157.2,158.1,158.7
235,09178,165115,165419,165814,163284,165259,167648,169684,171791,174514,176900,178557,179562,207.0,206.9,208.0,205.3,207.9,211.3,213.0,216.6,219.8,222.5,223.9,225.1
236,09179,201476,202430,203740,201936,204112,206733,209275,211880,215169,217344,218576,219316,464.3,467.2,470.4,467.0,471.9,479.0,483.6,491.0,498.8,501.0,504.4,504.4
237,09180,86721,86307,86357,84089,84472,85077,85687,86658,87631,88016,88311,88446,85.4,85.3,85.3,83.2,83.7,84.4,84.9,86.3,86.8,87.1,87.4,87.4
238,09181,113576,113932,114427,113231,113881,114575,115522,116888,118191,118933,119606,120187,141.4,141.9,142.5,141.2,142.0,142.9,144.4,146.3,147.6,148.1,149.3,149.6
239,09182,95271,95289,95640,93760,94365,95404,96411,97530,98557,99009,99458,99868,110.3,110.6,110.8,108.5,109.4,110.9,111.7,113.5,114.1,114.5,115.1,115.5
240,09183,110428,110267,110269,106585,107083,108295,109762,111165,112628,113854,114868,115561,136.9,136.9,136.9,132.6,133.3,135.6,137.0,139.1,140.6,142.2,143.1,143.9
241,09184,316541,318355,321023,318311,323300,327863,331391,336402,341704,344919,347652,349672,475.9,479.1,484.3,483.0,490.4,496.8,501.0,511.9,517.0,521.5,525.2,527.6
242,09185,91200,91211,91399,90723,91378,92242,93103,94080,95207,95962,96422,96992,123.3,123.4,123.5,123.0,124.1,125.3,126.4,127.9,129.5,130.0,130.7,131.5
243,09186,116546,116842,117123,116500,117661,119168,120791,122861,124607,125665,126698,127689,153.4,153.8,154.3,153.8,155.6,157.6,159.8,163.1,164.4,165.9,167.1,168.5
244,09187,248288,248532,249328,244556,246199,248472,250830,253962,256770,258458,260216,261157,172.5,172.8,173.5,170.4,171.7,173.5,175.0,177.9,178.9,180.2,181.3,181.5
245,09188,129743,129855,130115,127454,128821,130171,131342,132747,134177,135139,135819,136380,266.1,266.6,267.1,262.7,265.6,268.2,270.4,274.0,276.2,277.9,279.0,280.2
246,09189,170634,170583,170537,168632,169146,169914,171171,173070,174797,175861,176690,177204,111.2,111.2,111.2,110.1,110.5,111.1,112.1,113.5,114.4,114.9,115.5,115.6
247,09190,131211,130904,130944,128867,129314,129978,130789,132048,133383,134056,134800,135413,135.5,135.4,135.5,133.6,134.1,134.9,135.8,137.5,138.5,138.9,140.1,140.2
248,09261,62636,62633,62965,63789,64800,65751,66844,68360,69618,70609,71799,72908,951.6,953.3,961.2,976.3,992.1,1005.6,1025.8,1051.7,1063.7,1081.5,1099.9,1115.2
249,09262,50623,50589,50513,48645,48831,49246,49703,50259,50820,51428,52125,52636,729.2,727.7,727.2,698.9,704.9,710.9,718.0,726.8,734.2,744.4,754.3,759.1
250,09263,44508,44476,44514,44505,44871,45301,45765,46417,46974,47364,47690,47793,658.4,658.4,657.7,660.4,667.1,673.3,681.1,692.6,697.5,704.0,707.1,707.1
251,09271,117496,117125,116955,114550,114712,115054,115537,116148,117099,118171,119034,119402,136.2,135.7,135.8,133.2,133.2,134.0,134.3,135.4,136.6,137.9,138.6,138.7
252,09272,80243,79836,79513,78182,77974,77722,77777,78025,78151,78263,78350,78359,81.3,81.0,80.6,79.4,79.1,78.9,79.2,79.4,79.5,79.6,79.6,79.6
253,09273,113179,113014,113084,112876,113594,114614,115864,117730,119467,120544,121689,122658,106.0,106.0,106.1,106.2,106.9,108.1,109.3,111.6,112.6,113.7,114.8,115.5
254,09274,148446,148405,148582,147411,148310,149589,151068,153198,155010,156341,157969,159297,110.2,110.1,110.4,109.6,110.4,111.5,112.6,114.7,115.3,116.7,117.8,118.7
255,09275,188321,187739,187428,184398,184718,185288,185978,187310,188620,189704,191274,192350,122.8,122.6,122.4,120.6,120.8,121.3,121.7,123.1,123.5,124.5,125.5,125.9
256,09276,79967,79518,79156,76770,76427,76293,76261,76539,77000,77338,77573,77533,81.8,81.4,81.0,78.5,78.3,78.2,78.2,78.8,79.2,79.5,79.7,79.4
257,09277,118689,118350,118047,116790,117143,117546,117909,118691,119418,119994,120515,121081,92.6,92.2,92.0,91.2,91.6,91.8,92.2,93.0,93.4,94.0,94.2,94.8
258,09278,97875,97686,97584,95974,96404,96995,97645,98387,99014,99530,100244,100885,81.3,81.2,81.2,80.0,80.4,81.0,81.5,82.2,82.6,83.1,83.8,84.2
259,09279,91357,90847,90797,90311,90917,91916,93008,93777,94570,95433,96024,96450,103.8,103.3,103.7,103.2,104.0,105.5,106.5,107.2,108.3,109.2,109.6,110.2
260,09361,44164,43902,43755,41912,41684,41585,41564,41698,42105,42298,42109,42089,878.9,871.9,872.7,833.6,829.4,829.7,828.4,834.9,844.8,842.8,837.2,842.0
261,09362,132884,133558,134680,135795,137324,139286,141284,143879,147052,149766,151752,152852,1655.0,1663.2,1679.3,1690.0,1714.1,1738.2,1763.2,1802.5,1838.4,1866.3,1887.3,1893.3
262,09363,42315,42120,42012,41735,41709,41705,41772,41936,42275,42519,42532,42632,598.7,596.4,595.0,591.5,590.8,591.5,592.7,596.1,602.2,602.8,602.5,605.7
263,09371,106635,105961,105490,103834,103475,103213,103060,103307,103289,102923,102973,103079,84.6,84.2,83.8,82.5,82.3,82.1,82.1,82.5,82.0,81.9,82.1,82.1
264,09372,129418,128764,128428,125646,125562,125587,125699,126102,126639,127129,127611,127940,85.4,85.0,84.9,83.0,83.1,82.6,82.8,83.1,83.5,83.4,83.8,83.8
265,09373,128351,128028,127900,126618,126946,127486,128401,129680,131024,132153,133103,134067,95.3,95.3,95.1,94.3,94.6,95.1,96.0,97.0,98.0,98.7,99.4,100.1
266,09374,98718,98071,97471,96315,95972,95648,95316,95131,94803,94507,94419,94401,68.9,68.5,68.1,67.3,67.1,66.9,66.7,66.6,66.2,66.2,66.1,66.2
267,09375,182725,182931,183314,182588,183753,185162,186593,188298,189936,191341,192886,193821,131.3,131.5,132.0,131.6,132.4,133.6,134.5,136.1,136.9,138.1,139.1,139.5
268,09376,143762,143165,142952,142546,142789,143004,143337,144239,145123,145935,146838,147531,97.3,97.1,97.0,96.8,97.1,97.7,98.0,98.9,99.2,100.4,100.9,101.4
269,09377,76275,75661,75079,74770,74203,73690,73354,73282,73116,72824,72617,72275,70.0,69.5,69.0,68.7,68.2,67.8,67.6,67.6,67.3,67.1,66.9,66.4
270,09461,69894,69773,69876,70651,70788,71015,71560,72642,74537,76461,77386,77483,1281.4,1278.4,1281.7,1294.6,1297.4,1302.9,1317.3,1342.6,1386.7,1413.0,1420.6,1416.6
271,09462,72811,72456,72376,71038,71348,71527,71587,71875,72607,73532,74328,74720,1089.1,1084.7,1086.3,1064.5,1068.5,1069.8,1069.8,1078.1,1092.3,1106.3,1116.1,1118.0
272,09463,41317,41200,41162,41067,41007,41008,41028,41160,41164,41154,41243,41161,855.4,852.7,850.6,848.9,849.5,848.9,850.3,854.4,850.5,853.9,854.2,850.5
273,09464,47507,47007,46498,44705,44486,44492,44424,44493,44922,45567,45940,45878,814.0,806.1,797.6,767.2,766.3,767.2,763.8,769.6,778.7,792.0,791.6,789.8
274,09471,144771,144483,144328,143671,143752,144092,144560,145133,145806,146313,146835,147125,123.8,123.7,123.5,123.1,123.1,123.7,123.9,124.6,125.1,125.5,126.0,126.0
275,09472,107330,106734,106285,105380,105064,104769,104626,104461,104091,103841,103731,103660,84.0,83.6,83.3,82.6,82.4,82.1,82.1,81.9,81.6,81.5,81.4,81.4
276,09473,89901,89234,88580,87626,87205,86863,86717,86657,86667,86810,86896,86827,151.6,150.6,149.4,148.0,147.4,146.9,146.9,146.7,146.9,147.2,147.2,146.9
277,09474,113324,113252,113107,112875,113159,113378,113662,114367,115047,115470,115890,116151,176.2,176.2,175.8,175.8,176.3,176.5,177.2,178.6,179.3,180.0,180.6,180.8
278,09475,103069,101865,100767,99325,98330,97485,96852,96519,96172,95844,95542,95056,114.8,113.4,112.3,110.7,109.7,108.8,108.2,108.0,107.5,107.3,106.8,106.2
279,09476,71966,71336,70551,69874,69347,68790,68241,67957,67765,67544,67305,66939,109.9,108.9,107.6,106.8,106.0,105.1,104.4,104.2,103.8,103.6,103.0,102.4
280,09477,75835,75288,74716,73984,73461,73055,72720,72505,72231,72003,71929,71706,114.8,113.9,113.2,112.0,111.2,110.7,110.2,110.1,109.4,109.4,109.1,108.7
281,09478,68846,68420,68207,67303,67177,66877,66592,66598,66648,66709,66808,66807,132.0,131.3,130.9,129.3,129.1,128.2,128.0,128.2,128.2,128.4,128.5,128.4
282,09479,78982,77996,77194,75950,75020,74191,73593,73294,73223,73373,73332,72917,129.3,127.8,126.7,124.4,123.0,121.7,121.0,120.7,120.8,121.2,120.7,119.8
283,09561,40348,40406,40374,39574,39642,39762,39925,40585,41346,41592,41750,41823,404.9,404.6,402.9,396.3,397.1,398.7,400.5,412.0,415.7,416.9,418.8,418.4
284,09562,104848,105265,105437,103932,104862,105518,106024,107380,109287,110618,111480,112245,1366.4,1371.7,1372.7,1355.2,1369.5,1372.6,1383.0,1407.9,1432.4,1442.3,1454.8,1462.2
285,09563,114287,114093,114352,115806,117499,119083,120664,122845,124787,125965,127137,128123,1800.6,1800.2,1809.4,1841.2,1868.3,1891.2,1918.2,1960.1,1979.5,1997.3,2016.5,2028.4
286,09564,503402,502884,504070,487405,492603,496999,499974,505524,510802,513415,516783,518368,2701.9,2702.4,2713.2,2628.8,2655.8,2676.8,2688.4,2736.2,2744.0,2763.2,2780.2,2780.2
287,09565,38702,38765,38811,38485,38874,39342,39744,40185,40568,40744,40787,40887,950.3,949.3,952.4,946.1,959.0,968.8,978.5,990.4,997.7,999.5,999.8,1004.4
288,09571,181974,181061,180374,178419,178276,178602,179167,180367,181746,182717,183603,184270,92.0,91.6,91.2,90.4,90.4,90.7,91.0,92.0,92.4,93.0,93.3,93.6
289,09572,131097,131013,131221,130429,130987,131620,132421,133483,134388,134987,135803,136767,232.2,232.1,232.8,231.6,232.4,233.8,235.2,237.6,238.5,239.7,241.4,243.1
290,09573,114640,114432,114578,112881,113609,114236,114180,114069,115131,116082,116790,117620,372.3,372.2,373.3,368.4,370.7,372.3,370.2,371.6,377.2,377.9,381.8,383.3
291,09574,167304,166767,166329,164062,164322,164782,165459,166781,168268,169323,170059,170579,209.1,208.2,207.9,205.2,205.8,206.4,207.5,209.7,211.2,212.3,213.1,213.6
292,09575,98859,98310,97791,97542,97464,97446,97645,98280,99042,99487,100003,100689,77.7,77.3,77.0,76.9,76.8,76.9,77.2,77.9,78.4,78.6,79.2,79.7
293,09576,125033,124507,124250,123223,123144,123300,123661,124515,125352,125832,126530,126854,139.4,138.9,138.7,137.5,137.6,137.9,138.4,139.8,140.3,140.9,141.8,141.6
294,09577,93387,92804,92537,92375,92185,92259,92425,92930,93658,94091,94301,94564,95.8,95.4,95.1,94.9,94.9,95.1,95.3,96.1,96.8,97.0,97.2,97.6
295,09661,68726,68699,68706,67398,67576,67763,68006,68577,69087,69558,70228,70765,1100.1,1100.1,1099.4,1079.9,1083.2,1086.0,1091.2,1104.3,1107.9,1119.7,1129.3,1136.9
296,09662,53627,53565,53446,52187,52108,51975,51731,51790,52347,53081,53735,53729,1500.6,1499.5,1496.2,1459.5,1458.9,1452.4,1445.7,1455.7,1476.9,1496.8,1513.5,1496.5
297,09663,134306,132859,133127,124496,124513,124638,124459,124546,125442,126323,127258,127907,1523.5,1520.0,1526.9,1420.5,1421.6,1423.0,1417.5,1425.0,1438.5,1445.6,1459.8,1460.4
298,09671,173939,173341,172790,172579,172463,172683,172784,173236,173600,173737,174089,174204,248.4,247.4,247.0,246.5,246.8,247.1,247.1,248.4,248.3,248.9,249.3,249.2
299,09672,106214,105326,104678,103919,103389,102995,102883,103004,103103,103183,103242,103227,93.0,92.3,91.7,91.2,90.7,90.5,90.5,90.7,90.7,90.8,90.8,90.8
300,09673,84324,83697,83174,80772,80347,80095,79821,79700,79789,79826,79743,79663,82.1,81.7,81.1,78.8,78.5,78.3,78.0,78.0,78.2,78.1,78.0,77.9
301,09674,86206,85687,85219,84577,84333,84158,84121,84367,84477,84419,84532,84492,89.8,89.3,88.9,88.3,88.1,87.9,88.0,88.4,88.2,88.3,88.5,88.3
302,09675,89218,88795,88542,87710,87815,87998,88295,88899,89527,90089,90669,91032,130.0,129.6,129.2,128.2,128.5,128.8,129.3,130.5,131.2,132.2,132.9,133.2
303,09676,130019,129390,128725,128354,128033,127927,127925,128194,128495,128514,128620,128750,181.1,180.3,179.3,179.0,178.7,178.7,178.7,179.4,179.6,179.6,179.9,179.9
304,09677,129794,129015,128238,127425,126825,126396,126105,126019,126212,126412,126444,126262,97.9,97.3,96.7,96.2,95.7,95.6,95.3,95.4,95.6,95.8,95.6,95.5
305,09678,114402,113762,113224,113069,112924,112932,113377,114280,114818,114964,115106,115276,135.5,134.8,134.3,134.3,134.1,134.3,135.2,136.4,136.5,136.8,136.8,137.2
306,09679,160473,160099,159779,158128,158077,158303,158917,159840,160734,161191,161587,162068,165.5,165.2,165.0,163.3,163.2,163.8,164.4,165.7,166.3,166.6,167.1,167.6
307,09761,262924,263195,263903,268376,271051,274621,278827,283743,287979,291218,293993,295859,1793.0,1795.5,1802.6,1833.8,1856.2,1883.3,1914.4,1950.0,1971.7,1993.9,2009.8,2019.5
308,09762,42037,41918,41925,41512,41515,41665,41887,42373,42933,43306,43686,44146,1048.6,1046.2,1045.3,1035.5,1038.2,1043.2,1049.6,1067.5,1077.8,1086.4,1096.8,1109.4
309,09763,61900,61918,61937,64221,64463,64835,65334,66286,67238,67930,68619,69029,981.9,979.9,980.7,1016.0,1021.1,1027.9,1037.0,1057.9,1067.1,1079.8,1088.9,1092.8
310,09764,41097,41029,41076,41248,41397,41662,41987,42521,43067,43382,43654,43969,584.8,585.8,584.9,587.9,592.3,595.6,601.7,610.8,617.5,620.0,625.3,629.0
311,09771,127786,127815,127960,126442,126985,127843,128865,130105,131158,131998,133096,134126,163.6,163.9,164.0,162.4,163.1,164.6,165.7,167.8,168.4,169.9,171.2,172.6
312,09772,240746,240078,239987,237350,238422,239958,241804,244149,246570,248689,250686,252501,224.3,224.0,224.1,222.1,223.1,224.9,226.6,229.3,231.2,233.4,234.9,236.7
313,09773,94604,94189,93806,93358,93167,93126,93304,94027,94566,94858,95590,96292,119.1,118.7,118.1,117.7,117.5,117.6,118.0,119.4,119.4,120.1,121.2,121.9
314,09774,121462,120868,120613,120219,120132,120413,121262,122491,123326,124009,125133,126387,158.9,158.2,158.0,157.6,157.6,158.3,159.8,161.5,162.0,163.3,164.9,166.6
315,09775,164517,164920,165299,164020,164829,165957,167245,169078,170660,171779,173373,174702,319.6,320.3,320.7,318.6,320.4,323.0,325.4,330.1,331.5,334.5,337.7,339.6
316,09776,80157,79983,79880,78384,78548,78790,79163,79908,80695,81055,81409,81825,247.4,246.9,246.6,242.6,243.1,244.1,245.4,248.7,250.4,250.9,252.5,253.5
317,09777,134414,134209,133968,133520,133863,134445,135333,136802,137987,138772,139797,140749,96.1,96.1,96.0,95.8,96.1,96.6,97.4,98.7,99.2,99.9,100.6,101.2
318,09778,135771,135504,135317,135374,135990,136934,138098,139566,140792,141855,143293,144691,110.2,110.0,110.0,110.2,110.9,111.8,112.8,114.2,114.8,115.9,117.1,118.2
319,09779,129803,129449,129046,127986,128506,129181,129813,130774,131822,132671,133270,133640,101.6,101.3,101.1,100.5,101.2,101.5,102.1,103.0,103.8,104.4,104.7,105.0
320,09780,150676,150320,150081,148674,149074,149968,150730,151827,153216,154164,154965,155685,98.5,98.3,98.1,97.3,97.8,98.5,98.8,99.9,100.6,101.2,101.7,102.1
321,10041,336271,334208,332677,327374,326817,326308,325791,326492,328487,329872,329929,329211,817.5,812.1,809.3,796.3,795.5,793.8,792.9,797.2,802.0,803.4,802.3,799.9
322,10042,105955,105554,105088,103735,103580,103328,103061,103492,103953,103782,103511,103305,190.6,189.6,188.8,186.7,186.5,185.8,185.5,187.3,186.7,186.2,185.7,185.5
323,10043,140746,139219,137901,135394,134528,133661,133122,133378,133860,133641,132752,131807,561.5,556.0,550.6,541.5,538.0,534.5,533.7,536.6,536.4,533.6,529.2,526.1
324,10044,206982,205266,203910,197898,197032,196294,195804,196321,196809,196212,195508,194760,449.2,445.4,442.9,430.1,428.3,426.9,426.2,429.2,428.0,426.3,425.0,423.0
325,10045,151354,150168,149486,145394,144695,144071,143692,144058,144342,143751,143017,142414,360.4,357.7,356.7,346.8,344.9,343.8,343.0,345.6,344.5,342.8,341.0,340.0
326,10046,92332,91580,90906,90073,89420,88842,88408,88576,88675,88162,87632,87202,193.0,191.4,190.2,188.4,187.2,186.0,185.3,186.7,185.8,184.6,183.6,182.8
327,11000,3424638,3434580,3446972,3302174,3350612,3398526,3445839,3494940,3547431,3594163,3629161,3657159,3849.2,3861.5,3880.9,3729.7,3785.2,3837.5,3891.3,3947.6,4011.6,4055.0,4090.2,4117.8
328,12051,72753,72319,72032,71502,71265,71091,71032,71303,71619,71775,72005,72154,316.9,315.8,313.7,311.9,310.9,309.2,309.2,311.6,312.0,312.9,314.0,314.2
329,12052,102095,101538,101834,100058,99944,99754,99543,99589,100052,100726,100628,99949,619.6,618.9,621.4,608.5,608.2,603.1,602.4,603.6,606.3,610.0,605.1,601.8
330,12053,61640,60907,60436,59230,58800,58278,57834,57871,58143,58215,58055,57812,414.7,410.2,408.2,399.6,396.5,392.4,389.9,392.9,393.6,393.9,391.4,390.6
331,12054,151809,153585,155516,156640,158530,160462,162755,165894,169778,173760,176900,179212,816.4,825.1,836.7,840.5,849.7,857.7,871.4,891.0,912.6,933.3,946.0,958.0
332,12060,176743,176795,176793,172547,172883,173474,174368,176196,178388,180115,181812,184002,118.5,120.2,120.2,117.3,117.7,117.4,118.3,119.9,121.2,122.2,123.5,125.2
333,12061,161547,161529,161862,160240,160211,160554,161373,163240,165301,166697,168193,169929,71.4,71.5,71.5,70.8,70.9,70.7,71.2,72.3,73.0,73.6,74.3,75.1
334,12062,116559,114614,112854,109930,108368,106903,105577,104835,104535,103926,103047,102233,61.2,60.1,59.3,57.7,57.0,55.9,55.3,55.1,55.0,54.5,54.0,53.6
335,12063,155335,155097,154941,152760,153105,153584,154641,156822,158961,160198,161310,162453,90.3,90.2,90.2,89.1,89.3,89.1,90.0,91.6,92.4,93.0,93.7,94.4
336,12064,192215,191429,190884,187483,187005,187297,188045,189568,191200,192303,193625,195040,90.2,88.9,88.6,87.0,86.9,86.9,87.3,88.3,88.8,89.4,90.0,90.7
337,12065,202115,202412,202971,201041,201681,202587,203955,206211,208082,209266,210571,212082,112.5,112.8,113.0,111.9,112.4,112.3,113.3,114.8,115.4,116.1,116.8,117.8
338,12066,126310,124311,122575,117702,116055,114527,113369,112673,112206,111542,110799,109924,102.9,101.4,100.0,96.1,94.7,93.1,92.3,91.9,91.5,90.9,90.3,89.4
339,12067,187462,185744,184428,178272,177406,176949,177337,180110,180623,178598,178503,178731,83.2,82.5,82.0,79.2,78.9,78.4,78.8,80.8,79.3,79.0,79.2,79.2
340,12068,105301,104257,103366,100171,99439,99035,98915,98998,99262,99391,99223,98970,41.8,41.4,41.0,39.8,39.5,39.2,39.1,39.2,39.3,39.3,39.2,39.1
341,12069,204479,204431,204907,203114,203890,204954,206509,209204,211559,212711,213939,215615,79.3,79.4,79.6,79.0,79.3,79.3,80.1,81.4,81.9,82.3,82.8,83.6
342,12070,85019,83696,82610,80159,79187,78396,77772,77562,77693,77538,76886,76333,39.7,39.1,38.6,37.5,37.1,36.5,36.3,36.3,36.4,36.1,35.8,35.6
343,12071,131773,129574,127411,122419,120875,119539,118465,117833,117231,116141,114943,114075,79.3,78.0,76.7,73.8,72.9,71.7,71.2,71.0,70.5,69.7,69.1,68.6
344,12072,162278,162008,161577,159444,159599,160067,160968,162521,164162,165831,167593,169147,77.5,77.4,77.1,76.2,76.3,76.3,76.7,77.7,78.3,79.3,80.0,80.8
345,12073,133941,131988,130555,124503,123108,121905,121078,120922,120946,120614,119951,119250,43.4,42.9,42.4,40.5,40.0,39.4,39.3,39.3,39.3,39.1,38.9,38.7
346,13001,53733,54031,54250,-,-,-,-,-,-,-,-,-,1071.7,1076.3,1081.2,,,,,,,,,
347,13002,66276,65471,65199,-,-,-,-,-,-,-,-,-,769.1,760.4,762.1,,,,,,,,,
348,13003,200617,200673,201754,201114,202350,203159,203799,205089,206762,207961,208648,209039,1108.4,1111.3,1118.5,1113.4,1119.3,1122.3,1126.4,1136.5,1144.2,1149.1,1151.8,1153.5
349,13004,95729,95244,95112,91329,91296,91424,91861,94469,96234,95733,95808,95736,732.0,728.1,729.5,699.7,699.2,701.7,705.9,741.6,733.0,734.0,734.1,732.9
350,13005,57981,57693,57664,-,-,-,-,-,-,-,-,-,1483.0,1479.6,1476.1,,,,,,,,,
351,13006,44878,44499,44367,-,-,-,-,-,-,-,-,-,1074.5,1068.2,1066.5,,,,,,,,,
352,13051,118406,117694,117235,-,-,-,-,-,-,-,-,-,86.7,86.2,86.0,,,,,,,,,
353,13052,82683,81235,80051,-,-,-,-,-,-,-,-,-,42.6,42.0,41.3,,,,,,,,,
354,13053,102021,100581,99470,-,-,-,-,-,-,-,-,-,49.1,48.5,48.1,,,,,,,,,
355,13054,125511,124036,123174,-,-,-,-,-,-,-,-,-,49.5,49.1,48.7,,,,,,,,,
356,13055,80300,79185,78083,-,-,-,-,-,-,-,-,-,38.2,37.6,37.1,,,,,,,,,
357,13056,66201,65531,64933,-,-,-,-,-,-,-,-,-,38.4,38.1,37.7,,,,,,,,,
358,13057,108698,107252,106160,-,-,-,-,-,-,-,-,-,49.7,49.1,48.6,,,,,,,,,
359,13058,118253,117411,116544,-,-,-,-,-,-,-,-,-,56.7,56.4,55.9,,,,,,,,,
360,13059,107573,106471,105480,-,-,-,-,-,-,-,-,-,55.9,55.4,55.0,,,,,,,,,
361,13060,99212,97693,96388,-,-,-,-,-,-,-,-,-,44.0,43.4,42.9,,,,,,,,,
362,13061,69342,68531,67848,-,-,-,-,-,-,-,-,-,70.5,69.7,69.1,,,,,,,,,
363,13062,74913,73595,72613,-,-,-,-,-,-,-,-,-,45.7,45.0,44.4,,,,,,,,,
364,13071,-,-,-,267673,265427,263337,262073,262125,262167,261195,259852,258602,,,,48.7,48.3,48.0,47.8,48.0,47.6,47.4,47.2,47.0
365,13072,-,-,-,212522,211298,210644,211217,212676,213709,214290,214874,215454,,,,61.9,61.6,61.5,61.9,62.4,62.4,62.6,62.7,62.9
366,13073,-,-,-,225464,224235,223414,223290,224145,224896,225047,224904,224693,,,,70.4,69.8,69.6,69.7,70.1,70.0,70.0,69.9,69.9
367,13074,-,-,-,156578,155903,155533,155345,155847,156548,156909,156861,157026,,,,73.6,73.6,73.3,73.4,73.8,73.7,73.8,73.7,74.0
368,13075,-,-,-,241745,240131,238738,237941,238028,237866,237220,236882,236160,,,,61.3,60.9,60.6,60.5,60.7,60.2,60.1,60.0,59.7
369,13076,-,-,-,214421,212975,212169,212298,213372,213338,212542,212570,212199,,,,44.9,44.7,44.6,44.7,45.1,44.6,44.6,44.6,44.4
370,14161,-,-,-,-,-,-,-,-,-,-,-,-,,,,,,,,,,,,
371,14166,-,-,-,-,-,-,-,-,-,-,-,-,,,,,,,,,,,,
372,14167,-,-,-,-,-,-,-,-,-,-,-,-,,,,,,,,,,,,
373,14171,-,-,-,-,-,-,-,-,-,-,-,-,,,,,,,,,,,,
374,14173,-,-,-,-,-,-,-,-,-,-,-,-,,,,,,,,,,,,
375,14177,-,-,-,-,-,-,-,-,-,-,-,-,,,,,,,,,,,,
376,14178,-,-,-,-,-,-,-,-,-,-,-,-,,,,,,,,,,,,
377,14181,-,-,-,-,-,-,-,-,-,-,-,-,,,,,,,,,,,,
378,14182,-,-,-,-,-,-,-,-,-,-,-,-,,,,,,,,,,,,
379,14188,-,-,-,-,-,-,-,-,-,-,-,-,,,,,,,,,,,,
380,14191,-,-,-,-,-,-,-,-,-,-,-,-,,,,,,,,,,,,
381,14193,-,-,-,-,-,-,-,-,-,-,-,-,,,,,,,,,,,,
382,14262,-,-,-,-,-,-,-,-,-,-,-,-,,,,,,,,,,,,
383,14263,-,-,-,-,-,-,-,-,-,-,-,-,,,,,,,,,,,,
384,14264,-,-,-,-,-,-,-,-,-,-,-,-,,,,,,,,,,,,
385,14272,-,-,-,-,-,-,-,-,-,-,-,-,,,,,,,,,,,,
386,14280,-,-,-,-,-,-,-,-,-,-,-,-,,,,,,,,,,,,
387,14284,-,-,-,-,-,-,-,-,-,-,-,-,,,,,,,,,,,,
388,14285,-,-,-,-,-,-,-,-,-,-,-,-,,,,,,,,,,,,
389,14286,-,-,-,-,-,-,-,-,-,-,-,-,,,,,,,,,,,,
390,14287,-,-,-,-,-,-,-,-,-,-,-,-,,,,,,,,,,,,
391,14290,-,-,-,-,-,-,-,-,-,-,-,-,,,,,,,,,,,,
392,14292,-,-,-,-,-,-,-,-,-,-,-,-,,,,,,,,,,,,
393,14365,-,-,-,-,-,-,-,-,-,-,-,-,,,,,,,,,,,,
394,14374,-,-,-,-,-,-,-,-,-,-,-,-,,,,,,,,,,,,
395,14375,-,-,-,-,-,-,-,-,-,-,-,-,,,,,,,,,,,,
396,14379,-,-,-,-,-,-,-,-,-,-,-,-,,,,,,,,,,,,
397,14383,-,-,-,-,-,-,-,-,-,-,-,-,,,,,,,,,,,,
398,14389,-,-,-,-,-,-,-,-,-,-,-,-,,,,,,,,,,,,
399,14511,244280,243262,242943,240527,240877,241616,242772,246083,247499,246604,247046,246785,1104.3,1100.7,1101.5,1089.2,1092.1,1095.8,1102.6,1124.8,1114.5,1116.7,1118.5,1114.4
400,14521,380115,374842,370394,361245,357189,353292,350446,348624,345901,342255,339035,336323,206.3,203.7,201.4,196.4,194.3,192.1,191.2,190.2,188.3,186.2,184.7,183.2
401,14522,338059,333873,330318,321714,318633,315898,313651,312581,311478,309329,307169,305142,158.9,157.2,155.4,151.4,150.1,148.9,148.0,147.6,146.7,145.6,144.6,143.7
402,14523,252037,248790,245850,239777,237335,235099,233180,232354,231685,230318,228690,226897,177.2,175.1,173.1,168.9,167.3,165.7,164.6,164.5,163.6,162.5,161.3,160.0
403,14524,350866,346768,343530,335086,331793,328678,326100,324836,323317,321044,318760,316267,367.5,363.5,360.2,351.1,347.9,344.5,342.5,341.7,339.1,336.9,334.3,331.7
404,14612,508970,513248,518982,514559,521435,527930,533531,540067,545499,549122,552861,555715,1560.2,1574.9,1593.2,1577.1,1599.4,1616.6,1633.5,1655.6,1665.8,1677.6,1688.5,1695.0
405,14625,331331,326971,323402,315007,312258,309624,307460,306422,305482,303663,301757,300319,137.6,136.0,134.5,131.2,130.0,129.0,128.2,127.8,127.2,126.3,125.6,125.1
406,14626,286783,283062,279017,269513,266244,263421,261178,260094,259169,257462,255741,253810,135.2,133.5,131.5,127.2,125.7,124.5,123.5,123.1,122.4,121.5,120.7,119.7
407,14627,258046,255552,253834,247087,245477,244217,243731,244495,244567,243376,242514,241941,176.7,175.2,174.2,169.5,168.5,167.8,167.8,168.6,167.7,167.0,166.5,166.2
408,14628,256520,254715,253007,246975,246101,245933,245947,246683,246739,245742,245515,245599,154.5,153.5,152.6,148.9,148.7,148.7,148.7,149.6,148.8,148.4,148.5,148.5
409,14713,512192,516572,518562,505713,515441,526200,538021,552476,565780,576534,584919,590501,1733.5,1744.9,1758.4,1715.2,1751.4,1787.4,1830.9,1882.0,1917.7,1954.3,1974.0,1991.8
410,14729,273250,270761,268529,261954,260066,258402,257622,258028,258371,258171,257886,257951,165.1,163.7,162.4,158.4,157.4,156.4,156.4,156.5,156.4,156.2,156.1,156.3
411,14730,212867,209906,207418,201066,199346,197988,197194,197324,197834,197929,197734,197707,104.6,103.3,102.1,99.0,98.3,97.7,97.5,97.4,97.6,97.5,97.4,97.5
412,15001,89318,88187,87316,85987,85047,84111,83339,82990,82712,82308,81674,80670,362.5,358.8,355.2,349.3,345.7,341.7,339.4,338.8,337.1,335.5,332.0,327.3
413,15002,233462,232208,232231,230136,230967,231503,232018,234731,237498,238589,239215,239010,1725.8,1720.7,1725.4,1707.0,1714.2,1715.2,1721.7,1755.2,1762.7,1771.3,1771.9,1768.2
414,15003,229857,229878,230694,228460,229417,230473,231664,234015,236930,238307,238588,238131,1144.7,1147.8,1151.9,1138.9,1143.9,1149.4,1155.8,1172.8,1184.7,1186.4,1187.5,1181.9
415,15081,92647,91179,89986,88150,87251,86595,86192,86118,85700,84847,84111,83469,40.1,39.5,39.0,38.2,37.9,37.6,37.5,37.6,37.2,36.8,36.5,36.3
416,15082,183484,180579,177971,171987,169651,167652,165952,164947,163959,162182,160559,159170,125.3,123.4,121.5,117.5,115.9,114.8,113.6,113.4,112.2,110.9,110.0,109.0
417,15083,184180,181754,179765,175972,174600,173478,172892,173151,173216,172789,172177,171329,77.3,76.4,75.6,74.0,73.5,73.1,73.0,73.3,73.1,72.9,72.6,72.2
418,15084,200678,197868,195287,189452,187115,185519,184506,184068,183628,182571,181079,179518,140.9,138.9,137.4,133.1,131.6,130.8,130.2,130.2,129.6,128.7,127.5,126.5
419,15085,239441,236118,233531,226615,224143,222069,220331,220492,220505,217971,215373,213878,112.9,111.5,110.4,107.0,106.0,105.0,104.4,105.2,104.4,102.8,101.9,101.3
420,15086,98983,97688,96799,93765,92805,92044,91540,91526,91519,90905,90197,89759,62.2,61.7,61.0,59.1,58.6,58.2,57.9,58.1,57.9,57.4,57.0,56.8
421,15087,156815,153874,151429,147735,145697,143991,142650,141731,140595,138897,137131,135596,107.2,105.3,103.7,101.2,99.9,98.9,98.0,97.6,96.5,95.3,94.0,93.1
422,15088,202595,200120,197925,191611,189982,188454,187100,186471,186191,185723,185038,184199,140.4,138.8,137.4,133.1,132.0,130.9,130.1,130.0,129.7,129.4,128.7,128.2
423,15089,217409,214090,211062,205149,202498,199963,197733,196723,195635,193657,191650,189843,151.2,149.1,146.9,142.9,141.1,139.3,137.9,137.9,136.4,135.1,133.5,132.5
424,15090,126551,124498,122769,119082,117467,116069,115070,114965,114828,113790,112584,111586,51.8,51.0,50.3,48.8,48.1,47.7,47.3,47.6,47.2,46.7,46.2,45.9
425,15091,141999,139898,138084,132964,131427,130069,129080,128584,127948,127132,126328,125397,73.0,72.0,71.0,68.5,67.7,67.1,66.7,66.5,66.0,65.7,65.2,64.7
426,15101,-,-,-,-,-,-,-,-,-,-,-,-,,,,,,,,,,,,
427,15151,-,-,-,-,-,-,-,-,-,-,-,-,,,,,,,,,,,,
428,15153,-,-,-,-,-,-,-,-,-,-,-,-,,,,,,,,,,,,
429,15154,-,-,-,-,-,-,-,-,-,-,-,-,,,,,,,,,,,,
430,15159,-,-,-,-,-,-,-,-,-,-,-,-,,,,,,,,,,,,
431,15171,-,-,-,-,-,-,-,-,-,-,-,-,,,,,,,,,,,,
432,15202,-,-,-,-,-,-,-,-,-,-,-,-,,,,,,,,,,,,
433,15256,-,-,-,-,-,-,-,-,-,-,-,-,,,,,,,,,,,,
434,15260,-,-,-,-,-,-,-,-,-,-,-,-,,,,,,,,,,,,
435,15261,-,-,-,-,-,-,-,-,-,-,-,-,,,,,,,,,,,,
436,15265,-,-,-,-,-,-,-,-,-,-,-,-,,,,,,,,,,,,
437,15266,-,-,-,-,-,-,-,-,-,-,-,-,,,,,,,,,,,,
438,15268,-,-,-,-,-,-,-,-,-,-,-,-,,,,,,,,,,,,
439,15303,-,-,-,-,-,-,-,-,-,-,-,-,,,,,,,,,,,,
440,15352,-,-,-,-,-,-,-,-,-,-,-,-,,,,,,,,,,,,
441,15355,-,-,-,-,-,-,-,-,-,-,-,-,,,,,,,,,,,,
442,15357,-,-,-,-,-,-,-,-,-,-,-,-,,,,,,,,,,,,
443,15358,-,-,-,-,-,-,-,-,-,-,-,-,,,,,,,,,,,,
444,15362,-,-,-,-,-,-,-,-,-,-,-,-,,,,,,,,,,,,
445,15363,-,-,-,-,-,-,-,-,-,-,-,-,,,,,,,,,,,,
446,15364,-,-,-,-,-,-,-,-,-,-,-,-,,,,,,,,,,,,
447,15367,-,-,-,-,-,-,-,-,-,-,-,-,,,,,,,,,,,,
448,15369,-,-,-,-,-,-,-,-,-,-,-,-,,,,,,,,,,,,
449,15370,-,-,-,-,-,-,-,-,-,-,-,-,,,,,,,,,,,,
450,16051,202880,203248,204239,201295,202719,204183,205550,208169,210616,212051,213344,213840,755.6,757.4,761.7,750.4,756.0,761.2,764.1,778.5,782.2,789.1,791.7,792.8
451,16052,101159,100311,99623,96008,95565,95181,94735,95252,95381,94805,94506,93639,662.5,658.2,653.4,630.2,627.9,625.2,620.9,630.9,622.6,623.3,618.7,611.9
452,16053,102627,103538,104392,106228,106672,107297,107943,108867,109924,110710,111253,111375,903.2,912.5,918.4,929.7,933.9,940.6,942.9,954.4,961.3,968.1,970.7,970.1
453,16054,40650,39813,39136,36846,36269,35816,35937,36493,36193,35387,35001,36872,391.1,384.9,377.5,356.1,350.2,347.2,351.5,357.0,345.6,341.3,338.1,259.8
454,16055,64684,64854,65225,62851,63061,63276,63396,63804,64243,64391,64758,65159,771.3,774.8,777.8,747.0,751.1,752.0,751.4,759.1,761.8,762.6,770.5,772.1
455,16056,43156,42915,42757,41743,41726,41656,41726,42151,42503,42649,42540,42310,414.6,412.6,411.7,401.7,402.0,400.3,402.1,407.2,408.8,410.0,406.7,405.6
456,16061,107470,106529,105644,102231,101609,101132,100841,101028,101179,100839,100513,100193,113.8,112.8,111.9,108.4,107.8,107.4,106.8,107.4,107.1,106.7,106.4,106.0
457,16062,91354,90649,90122,87135,86328,85651,85218,85205,85227,84898,84260,83619,128.2,127.1,126.5,122.0,120.8,120.1,119.1,119.6,119.2,118.6,117.4,116.8
458,16063,134320,132675,131217,128634,127666,126755,126059,125745,125192,124247,123395,119350,102.3,101.0,100.1,98.2,97.5,96.8,96.2,96.1,95.4,94.7,94.1,93.9
459,16064,111158,110058,109183,106042,105315,104596,104084,104598,104611,103726,103208,102572,113.4,112.4,111.5,108.3,107.6,106.9,106.1,107.5,106.1,105.6,105.0,104.4
460,16065,84573,83234,82056,79954,79041,78137,77402,77129,76898,76252,75414,74611,81.0,79.8,78.7,76.8,75.9,75.0,74.3,74.3,73.9,73.0,72.3,71.5
461,16066,133512,131958,130627,127632,126625,125891,125315,124840,124065,123229,122650,125281,109.7,108.5,107.4,105.0,104.3,103.8,103.3,102.9,102.0,101.6,101.1,99.8
462,16067,140737,139402,138428,136351,135681,135266,135268,136106,136131,135476,135487,135180,149.7,148.4,147.6,145.3,144.7,144.5,144.7,146.2,144.7,144.8,144.7,144.1
463,16068,74783,74009,73308,71802,71275,70919,70685,70569,70359,70073,69841,69541,92.5,91.6,90.6,89.0,88.3,88.1,87.4,87.5,86.9,86.8,86.3,86.0
464,16069,69026,68235,67454,66354,65774,65286,64853,64599,64427,64127,63738,63375,73.2,72.3,71.5,70.4,69.9,69.4,68.9,68.8,68.6,68.1,67.7,67.3
465,16070,113886,113016,112432,110428,109833,109245,108929,109260,109394,108999,108786,106436,134.5,133.8,133.3,130.6,129.9,129.2,129.1,129.9,129.4,129.0,128.9,132.0
466,16071,86091,85257,84808,82648,82237,81860,81673,81884,82222,82224,82039,82052,106.5,105.8,105.5,102.7,102.1,101.7,101.5,102.1,102.3,102.1,101.9,102.1
467,16072,61896,60923,60250,58807,58134,57527,57031,56814,56663,56434,56279,58064,141.4,139.7,138.3,134.9,133.3,132.1,131.0,131.0,130.3,130.0,129.6,125.2
468,16073,120658,119018,117566,113097,112009,110885,109977,109462,108797,107842,106862,103671,115.8,114.3,112.9,108.8,107.7,106.6,105.8,105.5,104.5,103.6,102.7,102.3
469,16074,88568,87868,87025,84942,84480,84142,83984,85075,85355,83758,83021,83001,108.0,107.0,106.3,103.6,103.2,102.8,103.0,105.7,103.7,101.8,101.9,101.7
470,16075,90477,89210,88275,85705,84847,84045,83271,82919,82657,81932,81185,80590,78.2,77.2,76.4,74.2,73.5,72.8,72.0,72.0,71.5,70.8,70.2,69.8
471,16076,111760,109840,108304,105229,103881,102732,101775,101248,100416,99496,98717,97779,131.3,129.2,127.5,123.8,122.5,121.1,119.8,119.5,117.9,117.3,116.0,115.1
472,16077,102572,100949,99490,96516,95289,94177,93155,92525,91976,91129,90384,89756,178.7,176.1,173.6,168.4,166.5,164.5,162.8,162.2,160.9,159.2,158.3,157.0
