,kreis_key,prop_abitur_2006,prop_abitur_2007,prop_abitur_2008,prop_abitur_2009,prop_abitur_2010,prop_abitur_2011,prop_abitur_2012,prop_abitur_2013,prop_abitur_2014,prop_abitur_2015,prop_abitur_2016,prop_abitur_2017,prop_abitur_2018,prop_abitur_2019,prop_no_haupt_2006,prop_no_haupt_2007,prop_no_haupt_2008,prop_no_haupt_2009,prop_no_haupt_2010,prop_no_haupt_2011,prop_no_haupt_2012,prop_no_haupt_2013,prop_no_haupt_2014,prop_no_haupt_2015,prop_no_haupt_2016,prop_no_haupt_2017,prop_no_haupt_2018,prop_no_haupt_2019
0,01001,33.8,36.1,38.5,41.8,42.8,45.1,42.3,42.5,41.0,44.2,59.3,47.4,43.0,45.5,8.9,9.0,7.2,7.2,6.7,6.8,6.1,7.6,6.1,8.5,5.2,8.5,7.0,8.6
1,01002,30.0,31.4,36.7,36.1,38.9,39.2,38.6,41.4,41.7,44.9,54.3,46.5,45.6,43.1,11.7,10.8,8.9,7.1,7.3,6.9,7.0,7.7,7.8,6.5,6.4,7.3,8.6,9.0
2,01003,23.6,24.5,27.0,27.7,29.7,28.9,31.2,30.7,33.4,34.0,48.3,36.8,39.7,38.2,12.2,10.7,9.8,7.7,8.7,9.7,9.6,8.6,11.5,9.6,7.5,11.1,10.0,11.8
3,01004,27.7,31.2,31.2,35.8,35.1,36.7,37.0,36.7,44.0,43.7,52.6,44.5,44.6,46.0,8.9,8.4,9.8,5.8,5.8,7.8,5.2,8.8,6.1,6.9,6.1,7.2,9.4,10.4
4,01051,16.2,19.6,20.4,20.9,24.4,21.5,23.7,22.9,24.8,25.8,43.6,30.0,26.1,27.3,10.0,9.9,8.8,7.2,7.4,9.3,10.0,8.6,11.3,9.8,8.3,8.6,8.7,10.1
5,01053,18.6,18.5,20.7,20.0,26.8,23.2,24.8,28.0,23.9,31.0,42.6,33.6,33.3,34.3,10.5,8.3,10.0,7.6,8.0,7.2,7.3,8.6,7.8,8.5,7.0,9.6,11.8,10.2
6,01054,16.3,15.0,18.6,18.2,22.6,20.6,21.6,22.3,22.4,22.2,36.7,26.2,21.0,26.5,7.9,8.9,7.9,6.4,7.3,7.7,6.7,7.2,7.6,7.1,6.7,7.3,9.5,9.4
7,01055,17.6,19.4,22.9,20.3,28.2,26.2,23.1,26.8,26.5,27.9,38.9,30.7,24.6,29.4,11.5,9.3,9.2,7.2,6.6,8.1,8.9,8.7,8.3,10.3,9.0,8.4,10.9,11.2
8,01056,25.9,26.2,28.9,33.3,36.4,34.0,36.3,35.0,37.8,39.1,48.1,39.8,39.5,38.2,7.9,7.9,7.0,5.8,5.2,6.4,5.7,6.5,5.8,6.0,6.0,6.9,6.3,7.6
9,01057,16.0,17.4,22.0,20.0,24.9,21.7,22.3,23.1,23.5,24.9,38.6,26.7,21.8,27.8,11.9,9.8,8.2,7.3,6.6,8.3,7.2,8.1,8.4,9.1,7.7,8.1,9.1,9.1
10,01058,18.4,18.9,22.4,22.1,26.7,22.6,29.0,26.5,27.8,30.9,44.7,37.1,36.2,35.6,10.1,8.4,9.0,8.9,8.7,7.5,7.1,8.1,7.6,7.4,5.9,6.9,8.0,9.5
11,01059,12.9,14.1,14.7,15.8,17.5,19.5,21.8,23.9,21.5,21.6,36.0,27.1,22.8,25.8,9.5,11.8,11.2,8.7,9.1,6.4,9.0,8.5,9.2,7.9,7.1,8.4,11.1,9.5
12,01060,18.7,20.0,24.5,26.1,28.5,26.0,28.3,28.7,26.5,32.7,43.2,35.5,33.6,33.4,8.8,6.5,6.9,5.4,5.6,5.8,7.1,7.2,6.7,6.7,6.2,6.9,7.6,9.5
13,01061,13.7,14.3,17.7,22.6,21.8,20.9,23.9,26.9,25.7,30.1,42.4,34.0,32.4,34.7,9.3,7.1,9.3,7.1,8.2,8.5,9.6,7.0,9.1,7.0,7.2,7.7,8.3,9.4
14,01062,32.3,33.9,33.7,35.9,40.5,40.0,39.7,45.3,45.3,46.0,58.5,50.9,49.9,49.6,8.0,5.8,7.1,5.2,5.1,5.1,5.0,4.4,6.2,4.7,4.5,4.5,5.0,5.2
15,02000,34.4,36.0,39.5,44.6,59.8,51.6,52.5,58.1,55.0,55.1,55.6,52.8,52.8,53.9,11.7,10.5,8.3,7.9,6.0,7.2,6.8,5.0,4.9,5.5,5.9,5.3,6.4,6.0
16,03101,38.1,40.3,42.5,42.7,44.4,56.4,46.0,46.3,48.0,49.0,47.0,45.3,49.7,51.2,7.1,5.5,5.4,6.6,4.5,4.5,6.1,5.9,5.6,5.0,5.3,6.3,5.6,6.1
17,03102,16.4,18.1,16.8,19.3,21.7,28.3,21.1,20.5,22.6,23.8,20.3,24.6,19.2,24.0,7.6,6.2,7.1,7.2,5.4,3.0,3.0,3.3,3.7,4.8,5.4,8.2,12.3,8.3
18,03103,26.6,30.6,32.4,36.0,39.9,46.7,40.5,38.1,38.5,38.8,40.1,40.6,42.1,43.5,6.7,4.8,4.6,3.5,4.5,5.0,3.8,4.0,3.8,2.8,3.4,4.2,3.8,5.5
19,03151,16.7,17.5,16.8,21.7,24.5,34.7,25.6,25.8,26.1,29.7,27.7,28.1,29.8,37.3,6.1,5.2,7.2,5.8,5.8,6.3,4.5,4.7,3.5,4.0,4.8,5.3,6.6,3.5
20,03152,36.4,36.6,35.1,37.8,42.1,52.3,42.9,41.6,41.3,47.8,49.4,32.62130325814537,32.8110275689223,32.68421052631579,6.6,6.0,5.9,4.6,5.0,4.8,4.1,4.3,4.0,4.2,4.4,6.557356608478803,6.814214463840399,6.858354114713216
21,03153,21.1,19.2,18.7,21.8,26.3,36.4,23.6,27.3,23.2,25.3,28.7,26.9,25.5,28.5,12.2,8.0,10.1,8.1,5.5,6.7,6.5,5.8,7.8,4.5,5.3,5.2,6.3,7.7
22,03154,20.8,25.7,23.9,27.5,29.2,40.8,32.9,31.4,32.6,33.2,37.7,33.7,38.1,36.1,9.3,4.5,6.2,3.8,5.8,5.3,5.9,6.0,5.0,8.8,5.1,7.0,8.1,8.4
23,03155,21.8,25.4,27.1,31.0,32.8,45.6,32.9,33.5,31.7,34.6,36.0,36.7,35.9,36.7,8.8,8.5,7.5,5.6,6.6,4.6,6.0,4.3,5.7,4.5,4.2,4.4,4.2,5.3
24,03156,20.3,24.0,20.7,22.8,29.1,39.1,27.2,24.3,27.6,31.4,27.4,32.62130325814537,32.8110275689223,32.68421052631579,9.6,6.6,10.3,6.0,5.5,4.6,5.6,3.8,5.9,3.0,5.1,6.557356608478803,6.814214463840399,6.858354114713216
25,03157,16.2,18.9,17.2,18.5,24.7,38.3,32.7,31.5,30.5,34.5,32.8,33.7,35.9,36.4,8.4,9.7,6.5,6.2,6.1,3.7,4.1,4.2,3.4,4.7,3.7,3.7,5.3,4.1
26,03158,19.9,24.1,21.0,24.6,26.3,40.9,28.4,30.6,28.2,28.5,32.1,33.8,29.3,36.7,8.7,6.5,8.9,8.0,5.5,5.5,4.2,4.0,3.8,5.6,4.2,5.5,6.7,5.9
27,03159,24.29115044247788,26.484987893462467,28.508048780487808,29.91,30.0209756097561,34.5509756097561,32.524750000000004,24.3,27.6,31.4,27.4,43.7,43.7,40.5,8.167692307692308,7.4072289156626505,7.1497572815533985,6.790048543689321,6.615776699029126,6.210194174757281,5.799253731343284,3.8,5.9,3.0,5.1,4.2,6.2,7.1
28,03241,28.4,30.6,30.7,33.4,37.9,48.8,39.5,38.9,39.2,39.9,40.9,40.3,39.6,40.9,7.8,7.5,8.0,6.3,6.2,4.7,5.3,4.9,4.6,4.8,5.0,5.3,5.8,5.9
29,03251,18.6,21.1,20.2,23.2,24.0,36.8,29.9,28.0,27.7,28.7,31.2,31.5,28.9,29.3,7.1,5.5,4.9,4.5,4.9,4.3,3.9,3.5,2.5,2.9,3.3,4.1,4.6,5.5
30,03252,20.7,22.1,21.4,23.6,26.7,39.3,31.3,28.7,31.9,31.2,33.0,30.3,30.4,29.7,11.9,10.1,9.8,6.6,7.4,7.2,6.0,7.1,5.7,5.4,3.9,5.0,7.3,10.6
31,03254,26.2,30.3,27.2,31.2,33.6,46.8,36.7,34.4,34.3,35.3,36.2,34.4,36.7,35.7,9.1,6.9,6.7,7.8,6.3,5.5,5.7,5.7,5.9,6.9,6.2,6.4,6.2,7.2
32,03255,14.3,14.5,13.3,19.3,19.3,27.6,16.6,18.9,16.3,24.0,26.4,23.8,21.6,25.4,9.7,8.7,9.9,8.6,3.9,4.8,6.8,7.2,7.7,8.5,4.0,5.2,10.9,12.2
33,03256,13.5,17.5,18.8,21.1,23.0,37.5,25.5,25.8,28.0,25.4,30.4,27.6,29.6,28.4,9.7,9.4,7.5,5.3,5.0,4.0,5.5,5.0,9.0,5.4,4.6,6.0,10.4,6.7
34,03257,30.7,30.9,28.8,36.4,39.8,51.3,41.1,38.1,43.4,41.4,38.0,39.0,39.6,41.8,6.7,6.8,8.2,4.8,3.9,3.9,4.2,3.7,2.0,3.2,3.9,4.8,5.1,8.2
35,03351,15.8,19.2,17.1,19.1,21.4,34.7,21.2,23.0,24.4,26.2,27.3,24.6,25.9,26.8,9.8,8.3,7.1,7.4,8.1,5.6,6.4,5.7,4.8,4.9,4.7,7.7,8.3,7.1
36,03352,16.5,15.7,15.7,16.3,20.4,33.8,22.4,21.6,24.6,23.1,23.0,24.6,24.1,23.6,8.2,9.0,6.1,8.6,6.5,5.3,8.6,7.2,6.8,4.1,6.7,7.2,7.8,8.4
37,03353,23.0,23.4,21.4,26.2,28.8,43.0,29.9,32.8,32.7,35.3,39.4,37.6,37.7,39.8,6.5,5.8,6.4,4.3,4.8,3.6,3.7,2.9,2.7,2.3,2.7,3.8,3.4,5.1
38,03354,17.5,16.5,16.8,16.9,19.3,36.1,23.2,25.2,22.7,28.3,25.0,24.1,25.5,28.8,11.2,10.6,8.4,8.2,8.7,5.2,6.0,5.3,7.8,7.1,6.4,8.4,7.1,7.8
39,03355,23.7,23.0,26.4,29.3,30.2,46.7,33.2,35.1,35.8,38.8,38.5,37.4,39.1,39.1,6.4,7.2,7.9,4.5,5.6,3.9,4.5,4.0,3.7,3.2,3.7,4.9,5.2,5.7
40,03356,19.7,23.4,22.3,26.5,29.8,43.7,33.9,30.3,31.7,34.6,35.4,34.2,39.0,35.7,9.4,8.3,8.9,7.2,6.1,4.8,4.3,6.0,5.0,3.2,3.0,3.6,3.5,4.7
41,03357,15.7,18.0,15.7,20.6,24.1,37.6,26.9,25.9,26.0,27.6,31.1,29.9,28.1,30.4,9.0,9.3,10.0,8.3,4.8,5.2,4.9,4.7,4.8,5.3,5.6,5.6,6.4,8.5
42,03358,15.6,17.8,17.6,22.0,23.7,35.1,23.8,25.2,27.8,29.6,28.1,31.7,28.3,29.8,9.1,8.8,6.6,7.7,8.3,6.0,7.1,7.6,5.3,6.8,7.2,6.3,7.0,6.0
43,03359,15.4,16.9,19.7,22.8,24.0,36.8,26.3,26.6,27.1,27.9,26.7,28.7,29.1,30.2,8.3,8.9,6.8,6.9,5.1,5.1,5.1,5.1,3.8,4.3,6.7,4.8,7.8,6.6
44,03360,18.0,21.4,20.3,27.7,25.4,39.2,27.0,25.8,25.3,32.0,28.9,30.7,29.7,29.1,9.3,6.6,7.7,6.5,4.9,4.5,4.3,3.3,4.0,3.3,4.4,5.9,6.2,9.3
45,03361,23.2,23.6,21.9,29.3,27.6,40.9,30.8,29.4,30.2,35.2,33.9,33.4,36.0,35.8,6.4,8.9,6.4,5.4,4.9,4.3,4.0,4.8,3.5,5.2,4.2,4.0,4.1,5.1
46,03401,20.3,19.6,19.4,23.4,20.8,33.7,27.5,26.3,30.9,29.2,26.3,26.9,30.2,31.5,10.4,9.4,8.0,6.9,6.6,7.2,6.5,6.8,6.3,6.5,5.5,9.9,8.8,13.2
47,03402,27.1,25.8,27.6,30.5,30.4,45.9,29.6,28.7,31.6,36.9,37.6,32.0,31.6,38.9,12.1,6.0,9.5,7.3,8.6,5.2,9.1,9.3,10.9,10.2,7.8,8.7,10.7,9.0
48,03403,33.5,36.9,34.8,38.8,41.5,51.8,45.5,43.3,46.3,48.7,51.2,46.6,47.4,52.2,7.2,6.6,7.8,6.7,6.2,4.6,4.7,6.0,4.5,6.1,5.2,5.4,5.3,4.5
49,03404,36.4,38.3,34.8,40.9,39.2,51.8,40.5,42.2,40.7,46.4,41.6,43.7,44.0,43.7,7.0,6.5,6.7,4.9,7.1,4.9,5.5,4.6,4.2,6.3,5.0,4.7,4.5,5.4
50,03405,22.4,24.2,23.8,25.5,27.9,39.8,30.2,33.9,34.1,37.0,37.6,34.3,32.1,35.2,13.3,6.7,6.8,9.4,6.2,4.1,5.1,5.7,4.1,3.6,3.0,4.0,5.9,8.2
51,03451,16.9,20.8,16.9,19.6,20.6,35.4,29.5,24.5,24.9,24.9,24.4,26.1,27.9,25.2,8.4,6.5,10.2,6.4,5.8,3.6,3.4,2.7,3.4,4.0,3.8,5.5,3.2,7.2
52,03452,14.9,18.1,17.6,19.3,21.7,30.9,22.8,20.9,23.4,25.2,24.5,26.8,27.1,28.8,11.6,9.0,11.1,9.5,9.6,7.6,9.3,8.2,8.3,7.0,7.9,8.1,9.1,9.0
53,03453,14.6,15.8,14.9,16.5,19.5,31.7,18.9,16.6,18.4,20.9,21.0,19.7,20.0,18.2,8.8,7.8,7.7,6.1,5.4,5.5,6.1,4.8,4.3,4.1,4.2,6.2,5.9,9.7
54,03454,21.8,22.2,21.3,23.7,23.6,37.5,23.8,24.0,23.1,26.3,25.4,26.3,26.7,28.5,7.7,8.6,6.4,5.9,5.3,3.6,4.7,4.7,5.3,5.5,7.1,7.5,6.4,7.9
55,03455,15.3,16.2,14.0,16.0,17.1,29.3,20.3,20.0,19.2,24.1,23.2,23.5,22.5,27.7,8.4,8.5,5.5,7.2,4.0,3.8,5.7,3.6,3.5,4.6,4.1,9.3,10.1,8.8
56,03456,17.8,22.3,19.5,20.4,23.5,36.7,24.9,20.9,25.9,25.8,26.7,26.0,27.5,25.5,11.0,7.6,6.8,8.1,9.8,5.5,6.8,6.9,5.6,7.6,5.9,5.9,6.0,6.8
57,03457,13.3,16.1,13.3,15.1,17.1,25.8,21.1,18.6,19.6,19.8,19.6,18.9,22.9,22.4,13.2,10.3,12.3,9.3,9.2,8.4,9.3,7.5,6.9,8.4,8.3,9.2,6.6,7.7
58,03458,8.3,9.7,9.3,13.1,12.9,23.7,16.6,12.3,14.2,19.4,16.3,13.7,17.4,17.6,8.5,7.1,7.6,7.0,6.8,5.6,5.2,4.3,4.6,4.0,5.4,7.7,5.5,4.9
59,03459,14.3,15.6,16.0,16.6,19.0,31.1,20.8,20.8,21.9,23.1,23.6,24.0,23.6,24.0,8.9,7.8,7.3,6.4,4.9,4.7,5.9,4.1,4.9,5.8,5.0,6.8,6.6,6.3
60,03460,25.7,25.9,27.4,26.6,30.4,44.3,27.2,28.4,29.7,31.0,30.2,27.5,28.4,29.5,8.3,8.2,7.1,6.1,7.2,4.9,8.2,4.5,5.8,6.4,6.2,8.8,8.5,7.5
61,03461,19.8,24.9,21.0,24.9,23.0,38.2,22.5,25.7,24.9,25.8,28.1,26.8,21.8,26.9,6.3,4.8,5.4,4.3,2.8,3.6,3.2,4.1,4.3,5.5,4.0,4.1,6.0,5.0
62,03462,21.9,22.1,21.1,23.5,23.9,37.7,28.2,27.1,28.8,34.1,28.1,31.7,29.9,26.7,8.6,9.3,10.5,5.0,4.8,6.2,4.4,4.7,3.6,5.6,5.2,5.8,4.8,5.5
63,04011,29.7,29.9,33.2,32.7,35.5,36.1,45.2,37.5,37.7,37.2,41.4,38.1,37.0,35.9,6.7,7.2,6.2,5.1,4.4,6.2,4.6,6.1,6.4,5.5,6.2,8.4,8.4,9.2
64,04012,30.3,31.0,31.0,32.7,36.6,42.5,47.5,38.8,36.8,40.7,37.3,33.2,38.2,35.9,9.1,9.0,8.9,9.2,6.9,7.0,5.7,6.2,4.7,7.1,6.6,7.8,8.9,9.6
65,05111,32.5,32.2,34.2,35.6,36.3,38.3,40.9,51.4,42.1,42.8,43.0,42.6,43.2,42.9,7.1,7.6,6.6,8.4,6.9,5.8,5.4,5.0,6.8,5.0,6.2,5.6,6.4,5.4
66,05112,24.4,24.4,26.0,28.3,31.1,32.8,37.7,44.5,35.9,38.6,38.6,37.2,36.4,36.5,9.2,8.5,8.4,8.5,8.2,7.9,7.5,5.7,7.0,6.4,5.7,7.0,8.3,9.8
67,05113,32.3,31.2,34.1,35.1,36.9,39.1,40.9,51.1,41.0,44.0,44.4,40.0,45.4,42.8,7.0,7.2,7.9,8.0,6.8,6.8,5.4,5.8,9.3,6.8,6.6,7.8,7.6,8.0
68,05114,27.5,27.6,27.9,31.5,32.3,33.8,35.0,44.1,36.9,38.4,39.0,39.0,35.7,40.2,8.3,9.2,10.2,7.6,8.1,5.0,7.7,5.6,7.4,7.5,7.1,6.8,10.1,7.7
69,05116,27.1,27.4,28.9,30.3,31.5,33.6,36.9,45.5,38.2,38.7,39.4,41.1,42.9,40.5,8.0,8.9,8.4,7.7,8.3,7.3,6.1,7.1,6.8,8.3,6.7,7.4,9.3,8.9
70,05117,34.6,32.7,37.6,34.9,43.1,42.7,44.9,54.8,49.3,47.8,45.6,47.8,47.4,44.9,4.9,7.7,4.8,4.7,4.7,3.4,4.2,3.4,4.6,5.6,4.9,4.7,6.8,7.1
71,05119,23.5,25.3,27.1,28.5,31.1,34.0,36.7,44.6,40.5,39.5,41.3,41.9,42.7,41.8,9.4,6.5,7.4,7.4,6.3,7.8,5.2,4.7,4.7,5.9,5.3,5.5,7.2,7.3
72,05120,25.8,26.3,25.2,29.7,32.4,31.6,33.2,44.2,35.3,38.2,38.3,39.4,40.7,36.6,6.4,6.1,6.6,5.4,4.1,4.3,5.3,2.8,8.1,6.8,5.5,5.6,4.8,7.6
73,05122,28.2,28.5,30.2,34.2,32.5,35.5,38.0,48.5,40.6,39.6,41.2,42.6,41.6,43.6,7.0,7.9,6.1,5.6,6.3,5.1,4.4,4.4,7.3,5.0,4.2,5.6,5.4,6.5
74,05124,27.0,28.9,32.0,33.1,35.1,36.5,37.8,46.7,37.8,38.9,41.3,38.5,40.2,39.2,9.2,9.1,9.3,7.7,7.0,5.4,6.4,4.9,6.8,6.2,4.5,6.1,5.8,6.9
75,05154,20.3,22.0,21.4,22.8,25.1,27.5,28.6,39.7,29.9,30.4,29.9,30.1,31.3,31.9,7.0,6.2,6.3,4.9,5.0,5.1,4.9,5.5,6.7,6.4,7.9,7.6,6.7,6.7
76,05158,27.1,26.5,27.9,30.4,32.3,34.6,35.2,43.4,38.0,39.0,40.1,38.9,40.4,40.8,5.0,5.9,5.8,5.1,4.4,5.9,4.4,4.4,3.6,4.9,3.8,4.9,5.3,4.9
77,05162,30.9,30.8,34.1,34.4,36.6,40.2,42.3,50.5,44.4,45.4,44.2,44.1,48.6,48.1,5.0,5.7,5.5,4.8,4.0,3.9,4.1,3.4,4.2,2.6,3.4,3.5,4.2,3.9
78,05166,27.4,28.2,30.3,32.3,33.7,36.9,41.2,49.1,41.0,42.8,41.8,41.8,45.9,44.6,6.4,6.4,6.2,5.4,4.9,5.1,4.0,4.3,4.6,3.4,4.5,4.5,3.4,5.0
79,05170,23.7,24.4,28.3,28.1,30.7,34.3,37.1,45.7,38.6,39.9,41.3,39.5,41.2,41.0,5.6,5.8,5.4,5.3,4.7,4.6,4.2,4.3,5.4,5.3,4.8,4.9,5.3,5.6
80,05314,42.7,44.3,47.4,46.0,46.2,48.0,52.1,56.8,49.6,50.1,51.2,50.0,52.0,51.0,6.3,6.5,5.3,4.5,4.5,4.1,4.7,2.8,4.1,2.8,4.0,4.3,4.0,3.9
81,05315,29.7,29.5,32.7,34.0,35.1,36.4,40.1,47.8,39.3,41.4,42.9,42.1,42.2,43.1,7.6,8.0,6.9,5.5,5.9,5.4,5.1,4.3,5.2,5.1,4.9,4.6,5.9,6.0
82,05316,34.2,34.7,37.0,40.1,39.2,44.7,47.6,50.7,44.3,47.0,46.3,44.9,46.3,42.7,4.8,5.0,4.7,3.4,4.8,2.4,2.8,5.7,3.7,3.6,3.3,3.8,5.3,5.0
83,05334,24.29115044247788,26.484987893462467,28.508048780487808,34.2,35.5,38.2,40.9,51.7,42.4,42.8,44.3,44.0,44.0,44.0,8.167692307692308,7.4072289156626505,7.1497572815533985,5.3,5.9,5.0,4.7,3.7,4.7,5.1,4.7,4.8,6.5,6.2
84,05354,24.6,26.3,28.5,29.91,30.0209756097561,34.5509756097561,32.524750000000004,32.05311720698255,31.15486284289277,32.385785536159595,32.90623441396509,32.62130325814537,32.8110275689223,32.68421052631579,7.1,6.4,5.6,6.790048543689321,6.615776699029126,6.210194174757281,5.799253731343284,5.592059553349877,5.632009925558312,5.74714640198511,5.968486352357321,6.557356608478803,6.814214463840399,6.858354114713216
85,05358,23.5,24.0,27.8,28.8,28.7,33.6,34.1,44.7,36.3,36.8,36.4,38.8,37.6,40.1,5.7,4.7,4.5,4.1,5.7,4.5,4.2,3.8,4.3,5.4,4.5,5.0,7.3,6.0
86,05362,28.1,27.8,29.7,30.7,34.3,35.3,37.4,47.4,37.2,39.5,40.2,39.3,39.4,39.9,5.5,6.5,4.9,6.0,5.1,5.2,5.4,3.4,5.2,3.6,5.0,4.7,5.0,4.7
87,05366,28.3,26.8,27.2,28.7,31.7,32.7,36.2,46.0,36.7,39.2,38.9,39.0,38.1,40.3,3.5,4.3,3.7,5.3,3.0,4.1,3.6,3.2,4.9,5.1,5.0,4.8,6.5,6.6
88,05370,26.4,27.7,26.6,28.5,29.9,32.5,35.3,45.3,35.8,36.2,36.7,38.3,37.8,36.7,5.3,6.0,7.1,7.1,6.3,5.2,6.6,4.3,6.0,5.3,6.3,4.3,4.9,4.3
89,05374,23.9,25.3,25.8,26.4,28.6,31.3,35.1,44.0,33.0,37.3,39.4,36.2,37.3,37.4,6.1,6.0,5.8,5.9,5.1,5.2,3.2,3.7,3.9,3.8,4.1,4.0,4.4,4.7
90,05378,31.1,30.8,32.5,34.6,36.2,39.8,43.2,51.5,43.2,45.6,44.2,44.1,45.5,45.2,4.8,5.5,5.4,6.1,4.2,4.3,4.2,2.7,3.4,3.7,4.8,3.4,5.8,5.0
91,05382,29.3,30.9,32.7,35.5,37.4,38.6,40.8,50.0,41.0,44.0,41.3,42.0,43.1,43.7,5.2,4.5,6.4,5.3,4.3,5.5,4.2,4.5,4.6,4.1,3.7,4.3,4.2,4.5
92,05512,23.6,27.3,25.1,28.5,32.0,34.2,35.1,47.9,37.2,37.2,38.6,39.5,43.7,40.8,6.2,7.1,9.5,7.3,6.2,5.2,7.0,4.5,3.9,4.4,3.9,5.6,5.2,4.7
93,05513,21.2,22.0,24.2,26.5,26.9,29.1,29.9,36.9,30.0,31.6,31.0,30.7,31.3,32.1,9.6,10.1,9.8,9.3,10.2,9.6,8.6,8.5,10.6,9.6,11.8,10.0,8.5,10.1
94,05515,41.5,40.3,42.5,41.6,44.6,46.8,47.0,59.1,51.3,50.4,51.4,51.5,52.9,51.4,6.0,6.9,4.6,6.7,4.2,4.5,4.5,3.7,4.7,5.7,5.3,5.9,7.2,6.3
95,05554,18.7,19.4,20.6,20.7,22.2,25.3,24.5,38.7,28.1,28.7,29.3,29.2,30.0,29.1,6.8,5.0,7.4,5.9,5.5,5.1,4.7,4.0,5.2,4.4,5.4,5.8,5.1,5.0
96,05558,24.5,25.7,27.0,28.8,28.9,31.5,33.2,44.3,35.4,37.4,36.2,38.4,36.8,37.1,5.9,4.2,4.7,3.4,2.5,3.8,3.0,2.7,3.9,4.3,4.3,4.6,4.3,5.0
97,05562,24.9,23.7,26.4,28.7,28.6,32.0,33.2,42.6,33.3,34.1,34.3,33.3,35.7,35.0,7.0,6.9,6.9,5.8,6.4,7.0,5.4,5.1,6.5,6.9,6.1,6.5,7.2,6.1
98,05566,24.7,24.6,25.7,26.5,28.8,29.9,31.0,41.7,30.5,31.6,31.7,30.9,32.8,34.4,6.0,6.2,5.1,4.6,4.9,4.6,4.3,3.5,5.8,4.1,5.0,6.5,5.0,4.8
99,05570,24.5,25.2,24.9,27.7,29.2,31.1,32.7,43.3,33.6,33.5,34.8,34.7,37.0,34.8,6.2,3.7,4.6,3.8,3.6,3.6,3.6,2.9,3.4,3.7,4.3,4.8,4.2,4.2
100,05711,31.2,32.8,33.3,35.0,35.0,36.1,39.2,47.5,39.3,38.8,41.4,39.6,38.4,39.1,6.1,5.9,5.4,5.8,4.4,3.9,4.3,4.3,5.4,6.1,4.8,6.8,7.1,6.7
101,05754,22.5,22.6,23.9,26.1,29.3,31.4,33.2,44.0,35.0,35.4,36.3,34.9,35.7,39.1,3.5,4.9,4.9,4.6,4.2,4.6,3.6,3.4,4.8,4.8,5.9,6.7,5.7,4.9
102,05758,26.2,28.2,30.3,32.8,34.6,35.8,40.0,48.6,39.0,41.1,41.3,39.2,42.6,37.5,5.7,6.4,5.3,5.5,4.9,4.8,4.4,3.9,4.1,4.2,3.7,4.0,4.4,4.2
103,05762,27.4,25.3,28.3,30.2,32.5,35.7,35.7,48.2,35.3,36.2,38.1,37.0,36.5,36.4,4.4,3.9,4.7,5.7,4.0,4.3,4.4,3.9,6.3,5.4,7.1,5.8,5.6,6.2
104,05766,23.1,22.6,25.9,27.0,27.0,29.6,30.4,41.3,33.5,33.0,33.8,32.3,34.3,35.6,6.2,5.3,4.8,6.7,5.2,5.8,4.4,3.9,5.0,4.9,4.9,4.8,5.2,5.2
105,05770,27.0,27.0,30.1,33.0,33.9,36.0,37.3,46.4,36.3,38.2,37.9,39.7,38.2,37.0,4.9,6.1,5.7,6.5,5.5,6.0,5.0,3.8,6.1,6.1,5.9,6.9,6.2,6.6
106,05774,24.8,23.5,26.5,27.7,28.1,30.3,33.0,40.3,33.4,35.0,34.9,33.6,35.4,36.0,5.2,4.2,4.2,5.1,4.0,3.8,3.5,2.9,5.4,5.5,6.2,5.1,4.9,5.7
107,05911,30.7,29.8,30.9,32.3,35.3,36.0,38.1,46.2,39.4,41.3,39.5,40.8,42.2,39.4,7.2,7.2,7.1,6.9,4.2,5.8,6.0,4.0,6.1,6.0,5.8,7.2,7.0,7.8
108,05913,26.6,27.6,28.2,29.7,31.9,33.9,35.1,43.8,37.9,38.1,39.7,37.2,38.7,37.0,8.5,8.3,7.9,8.8,7.2,6.5,7.4,6.3,7.8,7.6,6.3,7.2,7.8,8.2
109,05914,30.2,29.0,30.8,32.5,33.0,36.9,36.0,45.3,35.1,38.1,38.9,38.3,39.3,38.4,6.5,7.8,7.1,7.0,7.0,4.8,5.3,3.7,6.3,5.4,5.3,6.1,6.6,6.4
110,05915,22.5,24.3,25.4,25.9,26.8,28.0,30.1,35.8,28.0,30.6,29.4,28.9,29.9,28.9,9.3,7.4,6.9,6.6,6.5,5.0,5.3,5.5,6.5,7.6,6.8,6.6,8.0,7.6
111,05916,26.0,21.6,27.2,27.3,30.0,34.3,33.2,43.3,33.6,35.6,37.3,35.7,34.9,35.0,7.6,6.9,7.6,7.1,8.0,7.0,8.0,5.9,5.4,8.2,6.6,9.1,9.9,8.7
112,05954,27.1,26.4,28.2,31.6,34.3,36.2,38.6,47.8,40.4,40.3,40.5,40.7,39.4,42.0,6.3,5.9,6.9,6.2,4.3,3.8,4.5,4.3,5.1,6.3,4.6,5.1,6.2,4.9
113,05958,22.6,21.3,23.9,26.6,26.3,28.1,30.4,42.5,29.4,30.7,31.3,30.0,33.1,32.8,7.3,7.1,6.5,5.9,6.0,5.4,6.1,3.8,4.7,5.0,6.5,5.6,6.9,4.2
114,05962,22.5,22.1,22.9,24.0,26.9,30.2,32.0,41.4,34.5,31.4,36.6,34.4,36.9,35.2,9.8,8.3,9.8,9.3,7.3,7.8,7.0,6.3,6.8,6.3,5.7,6.2,7.9,7.8
115,05966,21.9,23.4,22.8,26.1,27.6,31.2,32.9,44.6,34.7,33.7,35.3,35.6,35.4,36.1,8.8,7.2,5.8,6.3,6.4,5.9,5.5,5.5,4.1,4.8,4.5,4.8,6.2,6.0
116,05970,28.7,27.5,29.9,31.2,34.0,36.4,36.3,46.1,36.9,36.9,37.3,37.9,38.5,36.7,4.0,5.0,4.7,4.2,4.1,3.8,3.5,3.2,3.4,4.8,4.5,4.1,4.7,4.5
117,05974,26.5,26.3,30.1,29.4,31.7,31.3,34.0,47.5,35.4,35.0,36.7,36.9,37.1,38.5,5.8,6.8,5.9,4.8,4.3,4.4,5.2,3.6,4.1,4.6,6.0,6.4,5.6,6.8
118,05978,27.4,28.7,29.2,30.9,33.6,34.9,37.5,47.5,38.5,39.8,41.4,39.4,40.5,40.2,8.7,7.0,7.0,6.7,6.6,6.5,5.7,5.2,5.8,5.7,5.3,6.4,6.6,6.5
119,06411,43.9,26.484987893462467,45.5,47.6,51.9,54.9,53.0,57.7,59.7,58.5,56.8,49.0,51.7,50.5,5.0,7.4072289156626505,4.8,4.9,4.3,3.5,3.1,2.3,4.0,4.1,4.0,2.9,3.4,4.4
120,06412,30.7,26.484987893462467,33.1,34.0,37.0,37.2,40.5,40.6,48.1,45.4,40.6,37.2,38.0,37.6,9.3,7.4072289156626505,6.8,7.6,6.6,5.2,5.3,4.9,4.7,4.4,6.7,6.0,4.9,6.1
121,06413,25.6,26.484987893462467,27.0,26.7,32.2,32.3,29.7,37.3,36.9,38.2,32.4,29.8,26.3,31.0,15.7,7.4072289156626505,9.5,11.9,10.0,8.8,9.3,6.2,7.8,6.8,7.8,6.8,7.4,5.4
122,06414,31.8,26.484987893462467,32.2,33.4,33.9,33.3,36.9,39.7,44.4,42.8,38.9,35.8,38.1,36.0,9.6,7.4072289156626505,9.0,8.9,7.9,7.8,6.6,5.8,6.0,5.0,7.5,6.5,7.2,5.7
123,06431,31.2,26.484987893462467,31.0,32.2,33.4,34.8,35.2,45.2,47.4,40.5,38.2,35.7,35.1,35.7,5.2,7.4072289156626505,5.1,5.4,4.5,4.4,3.4,2.6,3.2,4.5,4.4,3.5,3.4,3.4
124,06432,20.7,26.484987893462467,22.4,22.3,25.4,28.2,29.3,33.2,39.5,37.8,34.8,35.3,34.7,33.1,7.8,7.4072289156626505,8.5,6.8,7.0,6.1,5.8,4.9,5.0,4.1,5.6,4.6,5.2,5.1
125,06433,19.2,26.484987893462467,20.8,23.7,24.9,23.9,26.5,30.1,34.4,33.1,31.7,28.4,30.1,26.8,7.8,7.4072289156626505,7.5,7.9,5.5,6.6,5.9,4.6,6.4,4.1,4.9,5.6,4.6,5.2
126,06434,37.0,26.484987893462467,35.9,38.4,41.1,42.1,50.0,46.4,50.6,55.7,47.6,45.8,45.8,44.7,3.7,7.4072289156626505,5.0,5.4,3.7,3.4,3.2,3.1,2.9,2.7,3.1,3.6,3.1,3.5
127,06435,21.0,26.484987893462467,22.9,24.1,24.3,26.4,28.4,33.7,31.3,32.9,29.1,28.7,29.0,23.1,8.8,7.4072289156626505,8.1,6.7,5.8,4.8,5.6,4.1,4.8,3.7,4.3,4.5,5.0,5.3
128,06436,24.8,26.484987893462467,28.5,31.2,31.4,27.3,36.4,44.5,46.8,43.5,40.6,37.0,36.8,37.1,8.3,7.4072289156626505,5.3,7.3,4.4,4.2,3.7,2.9,3.7,4.9,4.1,5.4,5.6,3.6
129,06437,24.1,26.484987893462467,24.9,25.9,25.6,27.9,31.2,35.5,35.9,32.3,34.1,31.0,32.8,25.7,9.5,7.4072289156626505,7.8,7.0,8.0,6.7,6.9,3.1,5.0,6.3,6.4,6.6,5.5,7.8
130,06438,26.4,26.484987893462467,31.0,29.5,31.3,34.0,33.7,41.5,42.2,40.0,34.7,31.6,37.0,35.1,8.0,7.4072289156626505,5.9,5.5,4.8,3.8,4.9,3.5,3.2,4.2,5.3,4.6,3.6,4.6
131,06439,22.3,26.484987893462467,27.6,26.4,30.4,36.2,36.3,41.2,43.0,45.0,38.8,37.6,37.6,36.9,6.8,7.4072289156626505,6.2,6.6,5.2,4.8,6.3,4.9,4.1,5.5,5.4,4.2,5.3,6.0
132,06440,27.4,26.484987893462467,33.9,34.0,37.1,38.3,37.6,46.3,49.4,47.5,41.8,40.2,40.2,40.7,7.5,7.4072289156626505,7.8,6.5,6.4,5.4,4.7,4.3,4.5,5.0,5.5,4.3,4.8,5.5
133,06531,26.2,26.484987893462467,29.7,29.2,32.7,33.1,36.7,43.0,43.1,46.6,44.2,41.2,39.6,33.1,7.6,7.4072289156626505,6.6,6.0,4.9,4.5,3.2,3.7,4.8,4.8,5.4,4.7,5.0,4.8
134,06532,17.5,26.484987893462467,19.4,20.9,22.2,24.0,22.9,28.2,32.9,26.2,21.9,22.5,22.7,19.4,7.5,7.4072289156626505,6.6,6.1,5.8,5.2,4.9,4.0,4.8,4.8,6.3,5.2,5.9,6.5
135,06533,20.3,26.484987893462467,24.1,22.2,24.0,27.5,24.5,38.7,27.9,27.4,24.9,26.0,25.2,25.0,6.6,7.4072289156626505,7.1,4.4,4.8,4.6,4.2,3.6,4.9,3.6,3.6,5.2,5.0,5.7
136,06534,25.6,26.484987893462467,29.6,28.0,32.4,32.0,34.3,39.6,44.7,38.6,37.2,31.4,34.1,33.7,9.3,7.4072289156626505,5.6,5.4,5.1,5.3,5.7,4.1,4.5,4.2,5.9,5.8,5.7,4.7
137,06535,14.5,26.484987893462467,18.9,18.4,20.8,23.9,32.5,29.3,24.2,23.3,21.4,25.3,24.7,28.2,6.4,7.4072289156626505,4.8,6.9,4.5,5.5,3.4,3.9,4.2,3.5,5.8,6.4,5.3,5.6
138,06611,32.4,26.484987893462467,31.5,31.4,32.1,31.8,31.3,44.1,39.0,37.4,37.2,35.5,37.9,36.5,13.6,7.4072289156626505,7.5,8.4,8.5,7.7,7.9,6.6,8.2,7.0,7.1,7.0,7.1,6.1
139,06631,21.2,26.484987893462467,22.6,21.8,23.0,25.2,24.7,33.0,28.5,28.6,28.0,27.0,27.2,21.5,7.2,7.4072289156626505,4.8,5.3,4.9,3.4,4.4,3.3,4.3,3.8,5.1,4.6,5.3,5.8
140,06632,21.6,26.484987893462467,22.1,23.0,23.6,25.4,28.3,23.3,31.4,28.5,25.3,26.3,25.0,24.8,8.7,7.4072289156626505,5.5,6.1,4.6,3.8,3.8,3.5,3.2,4.4,4.4,4.2,4.0,3.4
141,06633,17.9,26.484987893462467,21.3,20.7,21.4,23.7,24.3,32.5,28.3,29.8,27.8,26.1,26.2,24.6,6.7,7.4072289156626505,3.5,5.2,4.2,3.5,4.7,3.3,3.5,3.0,4.0,4.1,3.3,4.1
142,06634,21.7,26.484987893462467,23.8,24.1,29.0,31.3,30.3,39.9,37.6,37.6,28.9,31.9,33.5,33.1,8.9,7.4072289156626505,6.6,5.8,5.6,6.3,6.7,5.2,5.5,5.0,7.5,4.9,5.8,6.5
143,06635,18.5,26.484987893462467,20.8,21.1,21.1,23.7,26.9,31.2,29.4,27.7,24.3,23.9,24.5,20.8,11.4,7.4072289156626505,10.6,10.2,8.7,7.3,6.1,4.9,6.4,5.4,5.0,5.3,5.4,7.3
144,06636,19.6,26.484987893462467,20.6,20.7,21.1,21.8,21.9,28.2,32.3,26.7,26.0,23.0,23.8,20.0,7.9,7.4072289156626505,8.4,5.6,7.6,6.6,6.7,4.8,4.4,2.9,4.8,4.1,5.3,3.8
145,07111,38.0,37.0,41.4,41.7,40.4,44.3,43.3,44.8,48.4,44.9,49.3,43.9,47.3,51.9,6.2,6.8,7.1,7.0,8.7,6.7,5.3,5.7,5.9,4.6,4.4,6.2,6.6,5.4
146,07131,27.3,29.2,27.7,35.0,37.0,37.3,38.0,39.8,41.2,38.3,46.2,46.3,41.8,44.0,5.0,3.7,4.3,4.5,4.3,4.1,3.3,3.7,2.9,3.7,2.4,2.2,3.7,5.4
147,07132,12.8,15.4,18.9,19.1,22.9,23.4,27.8,28.4,24.9,29.5,33.6,31.9,29.1,35.2,7.8,7.9,6.5,8.8,6.6,5.5,4.8,3.9,4.4,5.0,6.2,5.9,7.3,7.0
148,07133,24.6,26.8,29.5,30.3,31.3,32.4,35.2,35.9,32.6,32.1,40.0,34.8,31.7,37.2,8.8,7.8,6.4,7.2,5.6,5.0,4.9,4.7,4.8,5.8,5.0,7.7,5.9,7.3
149,07134,19.4,20.3,24.3,24.3,29.1,30.7,22.3,26.8,26.2,25.8,33.0,31.1,29.7,30.6,9.3,6.0,7.3,8.7,6.0,5.3,4.8,3.7,6.3,8.8,5.4,4.0,5.4,7.8
150,07135,11.4,9.7,12.7,14.2,14.4,19.5,19.9,17.2,17.7,19.0,21.4,24.0,23.3,22.2,9.6,9.3,10.3,8.0,8.7,7.6,6.4,8.1,7.0,8.5,5.7,4.3,8.4,8.1
151,07137,17.8,17.1,20.5,20.1,22.7,21.9,26.0,23.1,22.3,25.9,27.7,28.5,32.0,33.0,9.0,8.3,7.3,6.6,7.0,6.0,5.8,6.0,5.4,5.6,6.0,6.0,5.8,6.6
152,07138,17.5,18.2,18.9,19.5,23.0,24.0,23.6,21.3,21.2,22.3,27.7,27.8,26.2,26.4,10.6,8.8,10.5,10.5,6.6,7.1,7.6,8.7,6.9,8.3,9.1,7.9,9.3,9.6
153,07140,20.0,20.1,24.8,23.1,25.2,25.7,27.1,25.7,26.1,26.1,29.4,26.3,29.5,30.0,6.4,9.4,7.7,7.0,3.9,4.7,4.8,4.4,5.7,8.4,5.1,6.9,5.7,7.4
154,07141,23.3,25.0,24.2,25.2,29.7,30.9,31.3,31.6,31.6,33.6,38.1,36.8,36.8,35.3,8.2,7.9,7.1,7.7,5.8,7.0,4.2,7.7,5.6,7.2,6.2,7.6,6.3,8.8
155,07143,13.9,15.2,16.9,19.7,17.2,19.9,22.3,21.0,20.5,23.8,23.7,25.0,27.2,26.5,8.1,9.2,7.5,7.3,7.6,7.0,6.7,6.1,5.9,6.4,6.6,8.7,8.9,8.0
156,07211,36.5,38.1,40.0,40.0,43.7,39.5,40.1,41.7,41.8,42.0,45.5,43.8,42.7,39.6,7.6,7.7,7.8,6.9,5.5,6.0,5.2,4.6,4.9,6.7,4.8,6.3,6.1,8.1
157,07231,20.8,23.4,24.5,24.0,28.7,26.1,26.7,25.2,28.0,27.1,28.4,30.1,31.7,32.5,6.9,7.9,6.1,7.3,5.1,6.7,6.6,5.7,8.4,7.7,6.7,7.3,8.7,9.3
158,07232,24.9,27.0,26.1,26.6,30.7,29.1,32.1,34.8,33.7,35.3,34.6,36.6,35.4,32.7,5.5,5.6,5.2,6.7,6.0,3.7,4.8,3.9,4.0,4.8,4.8,5.8,4.9,6.3
159,07233,23.3,22.1,28.6,26.7,30.1,30.9,30.3,31.1,27.7,25.9,32.0,37.6,34.7,30.2,5.5,6.5,6.7,4.5,5.8,5.6,5.3,5.0,5.3,6.4,6.0,5.8,8.1,6.1
160,07235,15.9,18.6,19.7,18.9,23.9,27.3,26.6,25.9,26.7,26.9,31.4,26.8,33.5,40.6,7.5,7.2,6.7,7.5,7.0,6.1,6.1,7.4,7.1,8.8,10.6,9.9,7.6,8.5
161,07311,31.9,36.4,35.0,32.4,37.9,35.9,37.3,37.6,38.2,40.0,40.8,40.4,35.2,38.8,10.3,7.5,10.5,8.2,7.7,9.5,6.1,8.8,5.8,5.8,3.7,7.5,7.3,10.8
162,07312,41.0,39.6,43.3,43.4,42.4,45.3,43.4,46.0,44.7,45.9,45.4,45.7,42.3,43.7,7.9,5.3,6.1,4.9,6.9,5.4,6.1,5.0,7.0,5.8,6.4,7.3,7.0,8.3
163,07313,36.4,39.4,38.2,43.3,43.8,42.8,43.9,43.9,38.3,45.0,48.0,49.1,44.7,50.2,9.0,7.8,10.6,7.2,8.4,7.6,5.6,5.6,6.1,9.9,9.0,7.4,6.9,6.5
164,07314,25.0,27.9,28.3,28.9,32.3,35.9,33.0,35.9,32.4,34.4,36.0,35.6,33.2,34.4,11.7,15.0,12.4,9.4,8.5,9.9,8.9,9.0,11.0,11.0,11.3,14.2,13.3,13.2
165,07315,41.0,41.1,41.9,45.7,48.2,44.7,42.8,49.5,51.7,53.1,60.7,52.2,54.7,52.0,3.4,3.8,3.7,3.6,2.6,2.5,1.5,1.8,2.1,3.0,1.2,2.6,3.1,3.8
166,07316,43.3,43.2,48.8,44.9,57.9,57.7,52.6,53.0,56.6,51.9,62.0,55.3,64.6,64.0,7.2,4.9,7.3,5.9,4.0,4.8,5.1,7.0,5.0,5.0,2.6,4.0,3.9,6.2
167,07317,30.5,33.3,32.0,37.2,39.3,37.7,41.6,40.4,36.9,38.5,38.0,39.5,47.0,43.4,12.6,10.2,9.0,7.7,6.4,10.3,10.6,6.7,7.2,5.5,6.2,6.7,7.1,8.4
168,07318,45.3,45.5,45.1,50.5,50.2,51.2,52.4,51.3,47.1,51.3,54.2,54.5,49.1,55.7,3.4,4.0,4.6,4.6,3.4,1.4,2.6,2.5,2.4,2.3,3.7,3.0,5.0,3.2
169,07319,27.2,31.2,31.9,33.1,34.2,33.0,31.9,36.2,33.2,34.0,31.5,38.4,35.1,38.0,10.2,8.6,6.7,6.6,4.3,4.0,4.6,4.1,4.7,4.6,6.0,5.7,6.1,6.0
170,07320,36.1,36.2,35.3,40.5,41.3,42.9,38.9,43.1,41.5,42.2,44.3,44.0,40.4,45.3,10.9,8.0,8.1,8.4,5.3,5.8,5.8,5.1,2.8,8.7,7.8,8.3,4.7,6.4
171,07331,21.1,19.1,23.1,23.7,27.5,26.5,29.1,31.0,28.9,30.3,32.8,33.6,34.6,34.3,8.2,5.6,7.0,5.1,3.4,5.1,4.8,4.4,3.9,5.1,6.1,4.6,6.0,6.9
172,07332,24.9,24.3,28.1,25.5,31.3,32.5,30.7,30.6,30.1,31.3,34.4,42.0,34.9,35.5,7.9,7.5,7.3,6.7,6.1,6.1,6.8,7.4,9.8,9.9,11.1,10.1,11.0,9.0
173,07333,20.8,23.2,24.1,25.5,29.9,24.9,24.8,26.4,27.8,27.5,36.5,32.5,32.0,34.4,6.9,8.0,7.5,6.8,6.7,6.6,6.0,5.9,5.8,4.9,5.1,8.7,7.8,11.6
174,07334,17.0,19.7,19.1,22.6,25.5,23.7,21.5,27.3,25.3,29.3,29.4,29.1,37.2,37.0,9.4,8.0,7.8,4.6,4.4,4.7,5.5,4.0,6.1,4.4,5.8,6.7,5.3,6.1
175,07335,20.4,22.9,24.4,27.1,26.3,29.4,29.3,26.7,30.4,32.3,34.0,30.1,33.1,35.1,7.3,8.8,6.0,5.5,5.8,4.7,5.4,6.3,4.7,7.5,4.5,7.1,9.1,8.2
176,07336,18.2,14.9,18.5,18.5,18.1,20.4,21.4,19.4,19.7,21.7,23.7,21.7,18.8,27.3,7.2,7.7,5.1,7.7,5.0,5.3,5.7,3.7,6.9,8.1,6.9,11.5,12.6,9.9
177,07337,20.3,22.8,24.4,25.7,26.2,26.6,34.4,34.1,31.0,36.1,36.0,36.6,33.7,36.0,5.8,6.0,5.7,5.6,5.0,4.6,5.0,4.9,4.2,6.2,5.7,6.4,5.6,7.0
178,07338,12.1,14.2,13.8,14.2,17.2,15.3,14.9,13.9,12.8,15.1,22.2,19.7,27.9,19.4,4.8,3.5,5.5,5.5,3.5,3.6,2.9,3.9,3.0,2.8,3.8,3.3,3.9,4.3
179,07339,29.8,32.4,32.7,35.9,38.2,40.3,37.5,38.7,34.1,36.6,40.3,47.6,41.8,44.6,7.0,8.5,6.5,5.4,4.7,3.8,5.4,4.2,5.1,4.0,6.0,6.7,6.6,7.3
180,07340,7.5,7.3,7.0,6.9,6.7,13.1,16.4,15.2,15.6,17.4,18.8,18.2,22.4,21.5,5.2,8.2,7.5,6.2,3.5,4.7,3.3,2.3,1.3,3.6,4.2,4.1,3.3,5.5
181,08111,36.3,37.9,38.1,40.1,40.4,40.9,54.3,40.2,39.8,39.7,40.8,40.0,42.2,41.4,8.2,6.5,6.3,6.8,5.8,5.2,4.9,4.5,5.0,5.6,6.0,6.9,7.9,6.5
182,08115,26.4,27.3,28.9,31.1,28.8,31.8,45.0,29.8,29.3,29.4,29.9,31.5,31.7,30.0,5.9,5.5,5.0,5.4,5.6,4.4,3.8,3.9,4.6,4.8,5.8,8.6,6.7,5.9
183,08116,23.4,24.6,25.2,27.2,29.8,29.8,43.4,30.7,28.9,30.7,31.6,31.7,32.2,33.2,5.8,5.0,5.0,4.8,4.3,4.3,3.3,3.9,4.0,3.4,4.3,5.2,5.4,4.2
184,08117,21.6,20.0,21.5,24.7,24.6,25.1,40.5,24.9,21.8,24.6,24.7,25.3,25.6,26.0,6.2,6.0,5.7,5.8,4.9,4.4,4.7,4.6,4.6,4.8,5.1,7.3,6.3,6.8
185,08118,23.5,23.6,26.4,27.5,28.0,30.5,46.7,29.2,28.6,31.7,31.0,31.0,33.8,31.5,5.4,5.1,5.6,5.1,5.5,4.5,3.8,4.7,5.1,4.6,4.3,6.6,5.7,5.1
186,08119,21.6,22.2,22.6,24.1,25.2,26.7,39.7,25.7,25.1,26.4,27.1,26.9,27.0,25.9,7.0,5.7,5.5,4.7,4.4,4.9,4.5,5.2,4.7,4.7,5.6,6.9,5.9,6.4
187,08121,22.8,25.6,24.8,28.9,28.9,29.3,40.0,27.8,27.3,26.2,25.8,29.4,29.3,27.5,7.7,6.3,5.5,4.5,4.2,4.2,5.1,3.6,3.8,3.2,4.3,6.7,7.7,5.7
188,08125,17.5,18.1,18.6,20.6,21.0,23.4,36.5,22.1,23.2,23.5,21.0,23.7,25.3,24.8,6.4,5.5,4.5,5.7,5.7,4.7,4.3,4.1,4.3,4.2,4.8,6.2,4.8,4.6
189,08126,19.5,17.4,21.1,20.9,20.0,20.6,28.0,21.3,17.9,17.3,19.0,19.3,21.1,20.1,6.0,5.9,6.8,7.8,5.9,4.5,4.5,4.3,3.9,4.3,5.4,3.9,6.5,5.9
190,08127,16.9,20.6,20.1,20.6,21.0,23.9,36.4,22.9,23.9,26.2,24.6,26.4,23.8,23.2,6.6,5.6,5.5,5.8,5.9,5.4,4.0,4.5,4.4,4.8,4.1,5.0,6.5,5.8
191,08128,20.4,18.5,19.0,21.9,23.0,21.0,38.0,21.9,19.5,22.5,22.1,23.8,23.1,22.2,4.8,5.0,4.3,4.1,4.6,3.2,2.9,4.0,3.9,4.1,3.9,5.5,5.5,4.3
192,08135,22.2,21.5,23.0,21.6,24.7,25.4,41.5,25.4,28.4,27.4,28.4,27.9,28.8,30.1,4.9,5.3,4.3,5.0,4.7,3.7,5.0,4.2,4.4,6.0,7.4,8.7,7.7,5.2
193,08136,19.1,20.4,21.6,24.9,26.2,27.3,39.1,26.6,26.4,27.1,26.2,29.8,29.5,29.1,5.0,4.8,4.8,4.9,4.6,5.1,4.3,3.9,5.0,3.9,5.8,5.2,5.9,5.4
194,08211,36.5,36.9,41.6,42.6,45.9,44.4,62.2,45.6,42.6,46.6,44.8,50.5,48.6,50.7,9.0,7.3,5.2,7.9,4.4,3.8,3.3,4.9,4.1,4.5,7.7,4.8,6.2,7.3
195,08212,33.4,35.4,38.4,39.2,40.4,41.8,54.9,41.4,37.8,41.9,42.0,42.9,44.0,41.5,7.3,5.5,5.2,5.8,6.7,7.1,5.5,5.9,7.3,6.7,5.4,8.0,6.8,5.9
196,08215,20.4,19.9,24.4,23.4,27.1,27.4,41.7,27.0,25.8,27.7,27.1,28.9,29.3,26.3,6.1,5.5,5.3,5.4,4.8,4.5,4.2,3.7,4.5,4.1,3.6,3.8,5.6,6.5
197,08216,16.8,18.0,19.0,19.3,20.7,23.2,36.6,23.1,23.3,22.8,22.0,22.8,24.6,21.0,5.3,5.9,5.0,6.5,5.0,6.2,5.0,5.8,5.4,4.7,5.1,6.4,7.5,5.5
198,08221,46.2,49.4,51.7,49.6,50.7,53.6,65.2,55.2,54.5,54.3,56.7,52.0,55.2,52.1,4.5,4.1,3.3,3.0,3.5,3.1,2.0,1.6,1.8,1.8,1.6,8.1,3.1,3.1
199,08222,24.4,27.2,27.2,29.7,30.9,32.7,47.8,33.3,35.9,33.8,36.2,36.1,36.2,37.1,8.2,8.7,7.5,6.8,5.7,7.0,6.1,5.8,7.1,6.1,7.3,8.5,8.4,8.0
200,08225,19.4,20.3,24.8,23.9,28.5,27.8,39.5,25.4,27.4,28.3,28.2,31.6,30.5,32.7,7.8,8.2,8.3,7.8,5.2,9.5,6.4,4.8,6.7,4.4,6.3,5.0,8.2,6.1
201,08226,23.4,24.7,24.9,26.7,27.6,28.2,44.1,29.7,29.3,31.8,30.8,33.2,33.6,34.0,5.9,6.3,5.4,5.6,5.7,5.4,4.2,4.6,5.8,5.0,5.9,5.7,7.9,5.9
202,08231,27.3,28.7,29.8,33.4,35.7,39.1,46.8,31.1,34.1,38.2,34.8,34.0,36.2,33.8,7.7,7.1,8.3,6.3,8.2,7.1,6.1,5.0,5.4,5.7,6.5,8.4,7.5,8.5
203,08235,17.3,17.8,19.7,21.7,21.1,23.9,38.9,23.3,24.1,23.3,22.4,22.9,24.9,22.9,7.0,5.2,6.2,6.3,5.1,5.0,3.8,4.1,4.9,4.7,5.2,6.8,6.1,5.8
204,08236,15.2,15.3,14.4,16.4,19.3,20.0,37.5,20.3,21.5,22.2,22.1,21.6,22.0,22.7,4.6,4.0,6.2,2.8,4.5,3.3,3.3,4.3,2.9,3.4,4.8,10.7,7.8,6.6
205,08237,11.8,12.8,14.1,17.7,18.1,18.5,31.9,19.4,19.4,20.0,21.0,22.7,22.7,22.5,8.9,6.4,7.5,7.0,5.4,5.4,4.2,5.9,4.6,4.4,7.1,5.3,7.3,6.9
206,08311,41.4,42.1,41.6,43.8,47.4,45.5,55.8,44.3,46.8,43.2,45.0,43.9,48.7,46.5,8.2,7.4,6.0,6.0,4.9,5.3,4.4,5.2,5.9,5.5,6.9,11.3,6.5,7.5
207,08315,23.7,22.4,27.0,27.4,29.1,39.7,36.2,29.1,29.6,31.3,31.9,32.8,32.9,32.0,5.0,4.8,3.3,3.5,4.1,3.3,3.5,3.7,2.9,4.0,4.0,6.9,4.9,4.6
208,08316,18.5,16.1,19.0,19.7,20.8,20.8,34.8,17.9,20.4,22.7,21.8,21.2,21.6,21.9,6.1,6.3,5.1,6.2,5.3,6.7,4.8,5.8,6.0,4.8,6.4,6.8,8.7,6.6
209,08317,20.3,21.5,23.9,23.9,25.3,27.0,41.4,26.9,27.6,28.1,27.6,28.0,27.7,28.3,5.9,4.9,5.0,4.8,4.6,3.9,3.6,4.1,4.3,4.3,3.4,4.6,4.7,5.1
210,08325,20.3,19.8,24.7,22.8,25.5,25.3,43.1,25.5,26.4,26.9,27.4,28.2,28.9,29.3,6.2,5.8,4.8,5.1,5.2,4.0,4.3,3.9,7.3,3.8,5.8,6.1,6.7,5.6
211,08326,18.2,19.3,19.4,22.5,21.3,25.1,35.0,22.1,25.5,23.3,22.9,26.4,25.0,23.3,5.4,5.4,5.6,5.1,5.9,4.7,4.0,6.2,5.5,5.3,5.7,9.0,6.2,6.3
212,08327,17.4,17.4,21.5,19.7,21.7,22.5,32.6,20.5,21.7,23.4,21.1,22.2,25.2,22.4,7.0,6.8,6.0,5.8,4.6,6.0,3.9,4.6,4.4,4.4,7.2,6.6,9.2,6.4
213,08335,23.0,22.3,24.6,25.8,27.6,28.4,42.9,26.8,28.9,29.5,30.2,27.8,29.8,30.5,6.3,7.1,5.4,5.1,4.6,4.4,3.3,3.7,4.6,4.1,4.0,6.4,5.6,5.8
214,08336,18.9,20.5,22.0,22.5,26.5,25.3,40.1,25.1,26.7,29.9,28.3,29.5,27.4,30.6,6.0,6.5,5.7,6.2,5.0,4.9,4.6,3.1,6.8,4.6,5.0,5.6,6.8,5.3
215,08337,16.2,18.6,19.3,18.3,21.1,22.3,33.2,22.2,21.2,20.8,22.4,23.2,22.0,21.2,5.7,5.6,6.7,5.5,4.4,4.9,4.1,4.6,5.2,4.1,4.8,6.1,6.2,6.7
216,08415,23.0,26.6,26.3,27.2,28.8,30.9,44.6,27.1,28.0,28.6,29.7,31.2,31.0,28.9,5.8,5.0,5.2,4.9,4.4,3.6,3.6,4.9,4.8,4.1,3.8,5.3,6.3,5.4
217,08416,33.2,34.2,35.6,36.6,38.2,40.3,53.4,38.0,37.8,40.7,41.2,41.2,41.6,40.8,5.4,6.3,5.0,5.6,4.0,3.9,4.8,5.4,4.3,4.1,4.0,5.2,4.7,5.7
218,08417,16.4,16.6,18.2,19.0,18.5,21.3,37.8,19.4,17.0,19.7,18.8,18.7,17.4,18.2,6.2,5.6,4.9,4.0,5.0,4.6,3.6,4.5,4.3,4.2,5.6,6.8,5.1,5.1
219,08421,33.8,37.4,40.5,38.0,45.4,44.2,56.9,41.8,42.1,42.4,43.2,41.9,41.6,42.8,7.5,6.3,5.9,4.9,3.4,5.2,3.4,4.7,5.0,7.3,4.7,8.0,6.5,4.7
220,08425,16.2,16.6,19.6,18.1,19.6,22.6,33.3,18.4,21.6,19.2,19.3,20.8,19.9,21.1,5.2,5.3,5.8,4.6,4.1,3.3,4.0,4.6,4.4,4.7,5.8,5.7,4.9,5.2
221,08426,19.1,19.5,20.6,21.0,22.2,22.2,37.2,21.1,21.2,22.3,23.3,23.5,24.4,21.9,5.8,5.7,4.0,4.4,5.6,5.1,3.2,4.4,4.3,5.2,4.9,6.4,7.1,7.7
222,08435,24.1,22.4,25.1,26.5,26.9,26.2,38.6,25.7,25.2,26.9,25.1,24.6,25.5,27.3,7.0,7.3,6.2,6.0,6.0,5.4,5.3,6.0,4.6,6.2,7.0,9.1,8.1,8.1
223,08436,19.0,19.3,21.7,23.3,23.2,23.0,37.9,22.2,22.5,24.3,23.7,26.8,27.7,25.6,6.3,5.6,5.2,5.3,5.0,4.7,5.0,5.3,5.5,8.8,4.5,6.6,6.4,6.7
224,08437,22.8,25.6,25.5,22.2,27.6,27.9,43.2,27.9,26.6,27.3,30.1,30.9,28.3,29.4,7.2,5.9,6.3,6.7,7.5,6.5,5.8,5.7,6.6,6.0,6.4,7.5,7.5,7.1
225,09161,23.8,26.1,24.3,26.1,31.6,45.0,32.5,32.8,32.8,33.4,35.2,32.4,31.0,32.4,9.5,9.7,8.9,8.5,7.0,5.4,5.8,4.4,4.7,3.8,3.5,3.3,4.9,3.2
226,09162,27.8,29.9,30.3,31.7,32.2,47.8,32.6,32.8,32.8,33.0,33.9,35.3,35.8,35.7,8.4,7.9,7.3,7.8,7.2,5.0,6.9,6.0,6.3,6.0,5.4,5.9,6.3,5.5
227,09163,28.4,25.7,29.5,30.0,29.6,45.0,30.8,32.7,33.0,34.6,34.2,36.2,33.7,36.8,8.3,6.4,6.1,6.3,7.0,4.4,6.9,6.2,6.6,5.3,5.6,4.6,7.3,5.2
228,09171,16.1,16.5,19.7,19.9,21.4,36.6,23.2,23.2,22.2,27.1,23.7,25.2,24.0,22.5,6.2,5.2,3.6,3.5,4.1,3.2,3.1,3.2,4.0,3.7,5.5,6.1,4.9,3.9
229,09172,18.3,19.9,20.8,22.9,26.4,38.5,23.6,22.1,22.3,28.5,23.9,26.6,28.7,24.8,7.9,6.7,7.4,6.2,5.7,4.4,6.8,4.6,4.7,4.5,3.7,4.0,3.2,4.5
230,09173,19.9,25.2,22.2,27.7,27.0,41.2,28.7,30.0,31.9,31.9,33.1,33.5,35.7,32.2,3.9,4.5,3.2,2.9,3.9,2.7,3.1,2.2,3.3,3.2,4.3,3.6,4.7,3.9
231,09174,16.2,17.7,21.4,23.4,24.8,39.0,27.4,25.4,25.0,26.5,28.9,25.0,25.2,25.1,5.6,6.3,4.9,5.1,4.0,3.6,5.0,5.0,3.8,3.8,4.1,5.9,6.1,9.4
232,09175,22.9,28.4,26.5,27.3,31.2,47.4,34.1,35.6,34.5,31.9,34.7,35.0,34.8,38.4,4.7,5.1,5.0,3.4,4.2,4.6,3.8,5.7,4.1,3.7,3.7,3.5,5.5,3.2
233,09176,11.5,12.0,16.8,16.4,18.0,34.3,22.7,21.7,21.2,20.9,20.1,23.7,27.0,26.7,4.6,5.5,3.5,3.6,3.6,2.0,2.3,1.7,2.2,2.1,2.8,2.5,2.3,2.8
234,09177,12.4,13.5,14.5,18.1,22.2,32.1,22.5,23.6,23.8,24.1,24.0,27.0,25.2,23.6,4.8,6.0,4.6,4.1,3.4,3.5,3.3,2.8,2.9,3.2,4.0,2.8,3.0,3.0
235,09178,20.4,20.8,19.8,22.5,23.1,38.9,24.0,24.3,24.8,24.9,24.6,24.9,24.3,24.2,5.1,6.3,5.9,4.5,4.4,3.4,3.9,3.7,3.7,4.5,4.7,4.9,5.8,5.2
236,09179,30.4,30.6,31.7,34.3,37.0,53.2,36.2,39.3,39.2,38.1,37.0,39.7,37.9,39.3,5.1,5.9,4.1,4.7,3.0,2.9,3.7,2.7,3.5,3.0,4.8,4.1,2.8,3.5
237,09180,25.7,25.8,27.5,30.5,32.3,49.1,34.0,36.8,36.7,37.1,35.5,33.4,33.8,34.2,3.6,5.2,4.8,3.0,3.5,2.3,2.3,2.2,2.3,5.0,3.5,4.1,3.6,2.5
238,09181,21.1,19.0,21.0,22.1,24.8,38.0,26.2,26.4,26.7,31.6,29.7,31.8,30.2,29.5,7.9,9.4,6.2,7.4,7.0,4.4,4.9,5.4,4.9,5.8,6.0,5.7,6.3,6.4
239,09182,14.1,17.9,15.9,18.9,19.9,31.2,19.1,19.9,20.7,22.2,22.3,21.1,25.3,24.7,4.9,5.3,4.9,6.2,5.3,4.4,4.0,3.0,3.4,3.7,3.2,8.3,5.5,3.7
240,09183,15.5,16.1,16.8,19.1,22.5,35.3,20.6,20.7,21.4,21.9,17.9,23.1,20.6,21.9,9.4,9.3,8.1,6.6,7.0,5.5,4.4,5.0,4.8,4.9,5.7,6.0,6.8,5.2
241,09184,36.8,37.9,40.8,40.7,47.0,60.1,44.9,48.3,48.9,50.7,46.8,47.5,46.5,50.2,5.5,5.1,3.4,3.0,2.4,2.2,3.8,3.4,3.6,2.7,4.1,4.5,3.7,2.5
242,09185,14.6,12.8,16.6,20.0,19.1,30.2,22.9,20.1,20.0,19.7,20.4,17.5,17.8,18.5,6.9,5.2,4.4,4.7,5.3,3.0,6.7,3.6,3.1,4.3,4.2,6.5,6.7,6.0
243,09186,13.4,13.1,14.7,16.1,17.2,33.1,20.2,23.6,23.5,18.6,19.1,20.9,18.7,19.5,7.8,8.7,9.5,8.1,6.7,6.2,5.5,6.3,3.8,4.7,4.8,5.7,5.9,5.5
244,09187,15.5,17.2,17.8,18.2,19.2,33.1,21.3,21.2,20.8,23.3,24.3,24.1,24.2,24.3,5.9,5.7,5.0,5.5,5.3,3.4,4.9,4.3,3.1,3.7,4.0,3.1,3.7,2.9
245,09188,37.6,33.5,31.0,39.2,41.4,54.4,40.2,45.3,42.7,42.8,40.5,40.8,40.2,38.8,4.4,4.6,5.1,4.1,4.0,2.7,1.8,3.5,2.0,3.0,2.6,4.0,2.9,3.8
246,09189,16.1,18.1,20.2,21.7,25.1,36.5,24.1,23.9,23.6,25.9,26.1,26.5,23.8,26.6,6.7,6.4,5.1,5.8,4.7,4.6,4.6,3.9,3.8,5.0,4.4,4.6,5.0,4.1
247,09190,17.9,21.6,18.8,21.6,23.6,39.3,26.7,24.7,23.7,26.0,26.0,26.4,25.2,23.6,9.1,6.9,6.1,5.4,4.3,4.9,5.1,3.6,4.1,4.3,3.2,4.3,6.2,5.6
248,09261,21.5,25.2,30.6,29.1,33.1,48.3,30.3,31.5,31.5,34.5,32.6,33.9,31.6,32.6,6.6,5.7,4.4,2.7,4.3,2.1,3.7,3.2,3.9,4.7,5.1,4.5,3.9,5.8
249,09262,26.3,27.4,24.6,31.4,33.8,47.1,32.9,30.8,31.7,34.0,36.2,35.4,37.2,37.9,8.6,5.9,7.4,5.2,5.4,5.4,4.1,3.7,4.5,5.9,6.3,5.3,6.0,7.2
250,09263,30.5,26.5,25.1,29.5,32.1,44.3,32.6,36.4,38.0,37.0,32.6,34.1,36.1,33.3,9.5,6.1,9.9,7.6,7.8,4.6,5.1,5.0,3.9,7.5,6.7,5.1,5.9,5.2
251,09271,17.5,19.0,19.0,20.3,22.0,37.1,23.4,23.0,24.0,24.8,20.5,28.0,24.7,21.4,7.2,5.3,6.7,5.6,6.0,3.1,4.9,3.6,3.6,4.2,6.2,7.4,4.0,5.0
252,09272,16.6,18.5,20.5,20.6,20.3,36.1,22.9,23.5,23.4,24.4,27.2,29.5,26.5,22.0,7.7,5.2,5.9,5.4,4.7,4.2,4.0,3.0,4.0,3.2,5.4,3.9,4.4,6.1
253,09273,16.1,17.8,16.0,17.8,20.3,35.0,21.0,25.0,25.0,25.9,25.2,26.0,23.7,23.5,6.0,7.9,4.7,6.7,6.2,3.8,5.1,3.8,3.2,5.1,5.0,6.5,6.8,6.6
254,09274,8.7,9.1,10.0,9.5,10.9,19.6,12.1,12.3,12.7,14.0,11.5,11.7,13.6,11.5,7.3,5.8,5.0,5.9,5.0,4.0,2.5,3.2,3.8,3.6,4.8,3.7,4.4,4.9
255,09275,14.3,12.9,14.0,15.6,16.3,29.6,18.7,20.4,20.1,18.8,18.1,20.4,19.3,20.1,7.6,7.1,6.6,4.7,4.5,4.2,4.1,3.4,3.1,4.0,4.7,5.4,6.1,5.6
256,09276,14.8,13.3,14.4,15.9,17.0,29.5,19.2,16.5,17.7,20.9,20.2,19.4,21.0,23.9,8.1,5.4,6.4,7.4,6.7,3.5,2.9,3.3,2.2,5.3,5.0,7.0,4.5,3.4
257,09277,14.7,17.1,15.9,17.7,21.1,34.6,17.8,20.0,19.6,21.5,21.1,21.8,23.1,19.2,9.0,8.4,8.3,7.4,5.1,5.1,6.4,3.9,5.2,5.0,6.0,5.9,6.8,6.0
258,09278,16.0,16.5,16.1,19.3,17.0,31.8,21.2,18.6,17.5,21.4,22.4,22.8,24.7,24.9,5.4,6.8,5.2,5.9,6.5,3.9,4.0,2.0,3.1,2.3,4.7,5.2,3.2,3.4
259,09279,16.5,16.8,19.1,21.3,20.6,38.0,22.3,24.4,24.9,24.8,23.2,21.8,23.1,23.2,6.4,6.2,7.8,3.7,4.3,3.2,2.4,2.7,2.8,2.1,3.2,3.2,2.7,4.0
260,09361,21.6,27.3,27.4,31.6,32.5,47.7,33.0,33.5,33.7,32.9,30.6,28.9,28.7,30.3,8.2,4.3,7.3,7.0,4.0,5.2,5.0,6.8,3.7,4.8,5.8,6.2,5.7,5.6
261,09362,30.0,32.9,33.6,36.6,37.1,53.8,39.0,37.5,36.2,40.8,42.7,40.5,40.9,37.2,7.2,5.5,5.5,5.6,6.3,3.7,4.5,4.7,4.6,3.6,4.5,4.7,5.0,7.4
262,09363,24.3,25.3,25.9,29.2,29.7,46.6,30.6,31.7,31.3,34.6,33.6,31.6,32.4,37.4,4.8,4.1,4.7,4.4,2.4,3.3,1.7,3.2,3.4,2.2,1.9,4.2,4.5,3.5
263,09371,9.9,6.4,7.4,7.7,10.1,15.6,12.9,10.8,11.5,12.6,13.9,12.2,15.2,12.8,5.8,3.5,5.4,6.1,5.0,4.5,3.0,2.5,1.8,2.0,3.6,3.8,5.3,5.0
264,09372,12.2,15.3,16.2,16.1,19.9,31.6,18.4,19.2,20.0,20.8,20.4,20.0,22.4,22.7,9.0,6.5,5.5,5.0,5.1,3.6,2.8,2.0,1.8,3.5,3.2,5.7,3.1,3.8
265,09373,17.8,18.7,19.3,24.9,22.4,37.7,23.6,22.6,23.4,24.4,23.9,23.8,25.7,25.9,6.2,6.4,4.7,4.7,4.8,2.9,4.0,2.5,3.6,2.6,2.5,2.1,2.8,2.5
266,09374,13.3,13.9,13.8,15.7,15.1,29.3,17.7,17.2,18.3,20.4,20.4,19.1,22.4,20.3,9.0,7.3,9.2,7.3,6.7,6.4,5.7,3.8,4.7,7.4,5.4,9.5,8.3,6.8
267,09375,8.7,7.9,10.0,10.9,13.7,25.4,11.8,13.7,14.2,11.4,14.3,12.6,19.0,18.7,6.2,6.5,5.0,4.9,3.5,2.9,1.8,2.8,2.7,2.7,3.6,4.9,5.0,4.1
268,09376,17.8,19.0,19.2,22.3,23.2,38.0,24.2,24.8,24.5,26.1,26.9,27.6,27.3,26.6,6.2,6.4,4.9,4.8,4.4,3.7,3.5,2.5,2.6,3.3,3.7,3.4,2.6,3.7
269,09377,13.1,16.2,14.3,14.3,16.3,23.6,17.5,14.5,14.9,16.7,16.4,15.5,15.3,16.5,6.5,6.0,7.1,4.4,4.9,5.7,3.5,3.8,2.3,3.8,5.0,3.2,5.0,4.7
270,09461,44.5,47.1,46.6,47.5,52.9,70.3,54.8,55.4,56.1,57.9,53.4,56.1,55.5,51.5,6.0,5.4,5.2,4.4,3.8,2.7,3.9,3.1,3.7,4.7,4.5,4.8,4.8,3.6
271,09462,30.9,35.2,33.4,33.5,39.8,55.4,41.1,42.8,43.2,44.4,42.4,43.0,45.0,46.8,7.1,7.6,7.3,6.0,5.5,4.1,4.3,3.9,4.7,6.1,6.4,5.3,6.6,7.4
272,09463,28.3,27.9,28.6,32.8,35.2,51.6,32.1,36.2,36.2,34.7,35.8,34.8,37.1,40.1,10.9,8.9,6.6,7.8,4.8,4.1,7.0,5.3,6.1,5.8,7.3,9.1,7.2,7.5
273,09464,21.5,25.4,28.4,28.2,31.3,54.0,34.6,34.0,34.2,38.2,35.1,32.7,37.1,35.9,14.5,10.1,9.7,9.1,8.7,5.1,7.6,6.0,7.7,9.5,11.1,12.8,11.3,12.8
274,09471,24.29115044247788,26.484987893462467,28.508048780487808,29.91,30.0209756097561,34.5509756097561,32.524750000000004,32.05311720698255,31.15486284289277,32.385785536159595,32.90623441396509,32.62130325814537,32.8110275689223,32.68421052631579,6.0,7.0,5.7,5.7,6.0,5.6,3.7,3.1,4.4,4.4,4.7,5.2,6.8,6.8
275,09472,9.9,10.3,9.5,12.3,13.3,21.7,13.2,11.6,11.7,12.4,11.0,11.5,14.3,13.4,4.9,5.1,4.3,2.8,2.3,2.1,4.4,3.5,2.9,4.8,3.0,3.3,4.0,3.1
276,09473,8.7,12.1,11.4,13.5,14.7,26.4,15.9,19.6,20.9,19.5,18.3,20.7,16.6,15.9,8.4,8.2,8.4,7.0,7.2,5.6,8.0,5.7,6.1,4.2,6.9,8.9,8.5,7.8
277,09474,17.6,22.9,22.5,23.2,25.2,40.7,28.3,28.7,28.7,29.9,29.3,29.2,29.1,27.3,5.8,5.8,3.7,2.4,3.5,3.1,3.0,3.1,3.8,3.2,4.2,6.3,4.5,7.2
278,09475,11.4,13.0,12.3,15.5,19.7,30.8,17.5,22.7,23.5,17.3,18.8,16.8,19.4,13.4,7.5,6.7,5.7,4.7,3.7,5.0,4.0,4.3,3.0,4.7,6.1,5.5,5.4,6.4
279,09476,15.9,21.2,18.5,21.9,26.3,45.2,26.7,27.3,27.4,31.8,29.2,29.3,27.6,28.0,8.7,6.2,6.9,5.7,5.0,2.6,3.7,4.2,3.2,3.4,3.1,4.4,4.6,6.6
280,09477,23.2,21.4,24.1,20.5,25.4,42.7,29.1,28.2,27.8,27.8,31.3,30.1,28.5,29.8,8.4,9.4,5.9,5.8,7.6,5.2,6.9,8.6,5.2,7.1,8.1,8.7,7.2,8.1
281,09478,12.9,15.7,17.5,17.9,17.5,32.8,21.1,21.3,21.5,25.5,20.6,25.9,31.0,26.8,10.5,5.8,7.0,5.8,4.9,4.3,5.3,5.6,4.6,4.8,4.3,5.7,7.2,7.0
282,09479,21.6,20.5,22.1,26.9,25.6,39.3,29.2,26.5,27.5,29.8,28.3,28.6,31.5,31.0,5.7,6.2,6.2,7.2,6.7,6.3,6.7,5.5,4.7,5.7,7.8,7.7,10.2,10.9
283,09561,29.6,32.0,31.8,32.9,40.2,56.2,40.4,39.6,39.8,44.4,41.9,40.1,40.0,38.0,4.5,4.8,5.2,4.8,4.2,1.9,2.8,2.9,1.1,3.3,2.9,6.0,4.2,3.4
284,09562,37.0,35.9,38.0,40.2,42.3,62.6,43.8,49.9,50.8,49.5,45.1,45.8,45.9,43.5,4.6,6.1,5.0,4.4,4.7,2.8,3.7,3.8,3.3,3.4,4.5,4.9,4.0,4.3
285,09563,20.7,23.1,23.9,23.2,25.0,40.6,26.1,28.9,27.5,29.0,31.1,26.6,29.2,27.2,11.3,13.1,10.4,9.0,9.4,6.4,7.8,7.9,6.3,6.0,6.5,10.7,9.9,8.1
286,09564,21.4,23.6,24.4,27.8,27.2,42.2,28.5,29.8,29.6,30.5,31.3,30.1,30.4,28.8,12.3,11.1,11.1,9.7,9.4,6.6,7.9,7.5,8.5,7.4,6.9,8.4,9.3,9.0
287,09565,24.8,23.7,26.4,26.4,32.8,48.6,36.4,37.2,34.7,39.1,35.7,34.5,33.3,33.4,6.9,7.6,7.0,8.0,7.4,4.7,3.6,4.7,7.9,5.5,6.9,7.1,6.3,5.2
288,09571,14.4,15.1,16.4,18.3,19.5,30.3,19.4,18.6,19.1,22.0,20.4,21.7,21.6,19.2,8.8,8.5,7.2,7.5,6.2,4.3,5.6,6.5,5.1,5.8,5.4,6.7,7.2,7.6
289,09572,31.5,33.0,32.7,36.1,36.0,50.6,37.8,37.6,37.9,34.4,35.3,35.5,36.0,38.3,5.9,7.7,4.8,5.0,5.1,3.3,3.7,2.4,3.5,3.4,5.2,3.6,6.6,4.6
290,09573,25.8,26.8,29.0,36.3,34.0,55.3,39.0,39.5,37.1,37.3,32.8,35.4,33.1,35.6,6.4,4.8,4.7,4.8,4.3,2.6,2.2,2.1,2.1,2.7,3.2,5.0,4.8,3.0
291,09574,22.0,22.4,24.3,24.5,28.1,42.9,27.5,29.3,29.4,27.7,26.9,29.9,28.2,25.5,10.5,10.8,9.5,8.9,7.3,6.2,7.4,6.4,7.8,7.7,9.2,6.6,6.2,8.3
292,09575,16.8,17.3,20.3,21.0,24.3,37.5,24.1,23.8,24.1,27.3,27.2,25.2,24.7,27.3,5.7,6.1,5.6,4.9,4.9,3.9,4.8,5.0,3.9,3.7,5.9,7.9,8.5,5.3
293,09576,16.1,13.3,16.5,18.3,20.0,33.1,24.6,25.8,26.0,26.2,20.6,22.4,26.3,29.5,9.2,7.0,5.5,4.7,6.3,4.6,6.5,6.3,7.3,7.9,8.8,9.2,8.1,6.5
294,09577,15.1,18.7,16.4,18.8,20.8,34.9,23.1,26.8,24.9,24.3,23.7,24.1,27.4,24.0,6.4,4.9,6.0,6.4,4.4,2.9,4.0,2.6,3.8,4.2,4.5,4.5,4.6,6.7
295,09661,25.7,27.2,32.4,35.1,35.4,48.3,35.6,38.6,39.3,34.9,44.5,35.6,38.5,33.7,6.1,6.3,5.9,4.2,4.3,3.7,3.7,3.8,4.4,5.5,8.3,3.8,5.7,5.0
296,09662,29.2,29.2,31.4,33.6,34.3,49.9,33.9,37.2,36.9,37.6,37.1,37.6,38.7,37.0,5.8,6.9,4.0,4.6,3.9,2.3,3.9,5.0,3.7,3.4,4.7,8.2,8.8,7.3
297,09663,34.2,37.9,40.1,37.6,41.8,55.7,40.2,39.5,38.9,41.7,43.2,46.9,42.0,40.3,7.8,7.3,5.7,6.9,5.9,4.6,5.9,5.5,5.6,5.6,5.9,5.1,5.7,5.7
298,09671,12.1,13.4,15.6,18.0,18.2,33.8,20.7,21.2,22.7,24.5,21.6,22.4,21.8,23.3,8.4,6.4,5.7,6.8,5.7,4.5,4.3,4.8,2.9,3.3,4.6,3.4,4.8,3.6
299,09672,20.5,19.7,21.2,23.4,23.8,39.3,26.8,27.1,28.2,28.6,28.6,29.7,29.8,29.2,5.4,5.2,6.2,3.3,2.6,2.7,3.8,1.7,2.3,3.6,4.0,7.4,5.7,4.9
300,09673,15.9,15.6,17.7,20.1,23.6,37.0,21.7,25.5,27.0,23.9,26.1,23.6,22.7,23.1,4.5,5.6,6.4,3.7,3.6,3.2,3.5,4.1,2.4,3.4,5.7,5.5,7.3,4.9
301,09674,15.5,14.5,14.7,18.6,19.5,36.7,20.2,22.5,23.5,24.8,22.5,25.8,28.3,24.7,8.1,6.7,7.4,6.7,6.1,4.5,6.5,3.2,4.2,4.9,6.5,4.2,4.6,7.5
302,09675,25.4,27.4,26.9,28.8,32.3,46.6,34.7,34.8,35.2,36.5,36.7,38.4,37.3,36.1,6.4,6.0,4.5,3.3,3.5,1.9,3.9,3.9,3.6,3.9,3.9,3.1,5.9,6.7
303,09676,14.3,17.4,16.2,19.7,22.7,32.8,21.5,21.5,21.4,22.9,26.0,25.6,25.8,25.9,7.4,6.5,7.5,6.4,5.5,5.5,5.2,3.3,4.8,4.7,4.6,5.4,5.9,4.4
304,09677,17.3,17.9,21.3,21.6,22.4,37.2,25.3,25.8,25.1,27.8,26.3,27.8,25.6,26.5,6.2,4.3,4.2,3.7,2.6,2.8,2.7,2.4,2.0,1.7,3.2,3.0,3.1,2.3
305,09678,24.29115044247788,26.484987893462467,28.508048780487808,29.91,30.0209756097561,34.5509756097561,32.524750000000004,32.05311720698255,31.15486284289277,32.385785536159595,32.90623441396509,32.62130325814537,32.8110275689223,32.68421052631579,10.4,9.7,11.3,8.2,8.3,7.4,8.6,5.8,8.9,5.9,10.7,10.3,9.2,7.4
306,09679,24.29115044247788,4.0,6.3,12.1,8.9,21.2,13.1,15.3,16.1,12.1,7.0,11.1,12.7,10.5,6.8,5.9,5.4,2.9,3.4,2.3,2.0,3.9,2.8,7.6,7.5,9.3,3.7,6.3
307,09761,27.1,29.8,30.4,30.7,33.5,48.8,32.7,32.7,32.6,33.1,32.2,31.8,31.6,32.6,7.6,7.3,6.4,6.5,4.9,3.6,4.4,4.6,3.9,4.5,4.9,6.8,5.8,6.1
308,09762,20.4,20.2,20.9,25.4,26.2,44.1,28.4,29.2,29.8,30.3,28.3,32.1,27.3,31.4,8.0,9.9,9.7,8.6,8.3,7.3,4.8,5.1,7.0,7.7,7.8,6.3,5.8,5.3
309,09763,22.1,21.3,22.5,23.2,24.6,39.2,22.7,23.2,23.3,24.6,22.8,23.6,26.7,24.1,13.0,10.4,10.5,10.3,7.5,7.4,6.6,6.7,7.9,7.8,6.7,7.5,7.3,7.9
310,09764,24.4,24.3,23.3,27.1,30.6,42.5,23.9,22.3,23.9,19.3,24.6,24.3,24.4,24.4,11.4,6.9,6.2,5.4,8.1,5.9,2.7,6.6,5.6,7.6,6.4,8.9,8.4,6.0
311,09771,11.0,9.4,11.2,12.6,14.3,26.0,14.9,17.1,17.4,18.3,17.3,16.9,17.1,17.6,7.1,8.4,7.1,7.3,8.0,5.0,3.2,3.7,3.2,4.8,5.0,6.0,5.9,6.6
312,09772,13.2,14.7,13.7,15.5,16.5,28.9,18.1,19.2,19.2,20.4,18.7,20.5,21.1,21.1,8.8,8.2,7.7,7.8,7.7,5.5,5.0,5.7,4.6,5.9,4.8,5.6,6.1,6.1
313,09773,17.4,18.2,20.1,23.0,23.6,40.5,24.9,25.6,25.3,27.8,24.9,27.1,28.9,26.9,8.9,8.9,6.7,6.5,5.9,3.0,2.5,4.2,4.2,4.9,5.6,5.9,7.4,7.2
314,09774,20.1,18.6,23.5,23.8,25.5,41.3,27.6,27.3,27.1,27.6,26.8,28.7,28.9,29.5,10.3,8.4,7.9,9.5,9.5,5.9,7.9,7.2,7.4,6.8,6.7,6.6,7.3,8.0
315,09775,18.5,17.5,18.9,19.5,21.5,36.7,21.4,21.4,21.0,22.1,20.5,24.6,24.2,23.9,6.4,6.1,6.5,7.0,7.2,5.2,5.9,6.4,3.6,4.8,7.4,7.9,7.2,6.8
316,09776,23.2,21.8,23.7,26.2,29.8,42.7,25.5,29.0,26.6,32.8,27.9,29.5,33.6,29.0,8.2,10.3,6.2,5.0,4.4,2.8,3.3,4.2,2.5,4.8,6.8,4.9,3.7,6.3
317,09777,10.7,12.6,13.2,16.6,18.6,30.2,17.2,17.6,18.1,17.7,17.7,20.1,18.2,24.4,6.8,4.8,4.7,4.0,4.3,3.0,1.9,3.6,3.3,2.1,3.7,3.9,3.3,3.3
318,09778,13.5,15.6,15.2,15.0,17.5,31.7,21.4,23.7,23.0,21.8,22.7,23.0,22.3,20.5,4.2,3.6,4.5,3.1,1.9,1.7,1.9,2.7,2.3,2.2,2.1,3.4,3.0,2.9
319,09779,14.4,14.8,15.6,17.4,18.2,30.1,18.1,19.3,18.8,20.9,19.1,20.3,22.2,21.7,7.8,7.0,4.8,4.0,4.2,3.4,4.4,3.4,3.6,3.0,3.8,4.3,3.5,4.4
320,09780,12.7,13.9,11.7,13.2,15.3,29.0,15.9,16.6,15.9,17.5,17.0,19.4,19.8,20.0,5.2,4.8,4.7,3.1,3.2,3.1,2.8,2.7,2.9,2.6,3.8,5.0,3.9,2.9
321,10041,29.3,27.1,29.2,44.1,33.9,34.8,33.8,33.6,35.1,39.1,36.7,35.5,38.2,36.0,8.8,8.3,7.5,6.4,6.2,5.5,5.7,6.2,6.1,5.5,8.6,6.8,8.8,8.0
322,10042,26.7,23.9,30.7,46.1,31.3,31.5,31.3,25.4,28.6,38.6,33.6,34.0,35.4,38.3,7.4,6.9,6.4,5.1,5.2,3.1,4.5,5.4,4.7,3.4,8.4,8.0,7.5,4.6
323,10043,20.7,19.1,22.3,38.7,24.5,26.0,26.6,24.7,29.1,28.6,26.0,29.8,26.6,27.2,8.3,9.0,7.6,7.2,6.4,7.3,6.6,5.4,5.8,5.2,8.9,7.1,8.0,10.2
324,10044,25.9,20.6,24.5,42.8,27.5,29.6,27.9,32.6,32.5,36.8,34.5,30.6,33.7,33.0,6.7,7.7,6.3,3.8,4.7,4.3,5.5,3.5,3.5,4.1,6.1,5.8,5.4,6.1
325,10045,28.4,30.0,31.2,49.1,37.2,35.8,36.5,32.9,39.4,40.2,39.9,38.2,36.7,37.6,8.2,4.8,6.0,4.4,6.6,4.7,4.6,4.5,4.4,3.7,4.4,6.3,5.6,6.6
326,10046,23.4,24.9,27.0,45.9,32.4,32.1,33.1,33.7,33.8,37.5,35.2,33.1,38.7,31.8,8.7,7.6,7.0,4.5,5.1,4.6,4.3,4.9,5.9,5.5,3.8,6.6,6.4,7.2
327,11000,36.5,37.5,39.8,41.4,41.2,41.8,50.2,41.7,42.5,42.2,46.6,47.6,46.3,44.4,9.5,9.7,9.5,8.9,9.1,8.8,6.9,7.2,8.4,10.0,8.4,9.6,9.9,8.9
328,12051,30.9,38.0,45.2,53.3,40.4,42.6,48.3,37.6,33.3,33.6,34.9,38.7,36.2,38.7,12.7,13.9,7.8,8.2,9.3,10.1,6.3,7.4,8.3,9.6,8.7,8.4,8.7,8.3
329,12052,41.2,38.1,47.1,51.0,52.1,46.5,52.5,45.2,40.4,41.6,45.6,50.1,46.8,49.4,7.8,10.0,7.1,6.6,7.4,7.5,6.8,8.6,8.8,8.7,8.2,8.6,10.2,6.9
330,12053,41.7,47.5,56.7,63.8,52.6,50.1,51.1,41.5,42.0,40.3,42.5,56.9,45.4,43.6,8.5,8.3,7.4,6.8,6.9,5.8,7.1,6.8,6.5,4.6,5.4,6.3,6.9,7.8
331,12054,41.7,44.4,55.6,64.2,60.9,57.7,65.2,55.0,53.2,54.5,55.9,57.9,59.1,55.8,8.0,6.6,6.2,4.5,4.2,4.6,3.6,4.2,4.8,3.9,3.6,4.5,4.8,5.1
332,12060,28.1,33.8,39.4,50.4,45.8,37.4,47.0,37.3,34.4,34.2,36.9,39.8,39.9,37.6,9.6,9.6,8.6,7.6,5.5,8.7,8.2,7.1,7.6,6.4,6.4,6.8,7.5,6.4
333,12061,32.8,36.8,43.7,48.3,46.5,42.1,50.4,37.5,38.5,38.7,37.3,45.5,42.0,44.1,9.0,8.9,8.4,7.1,6.6,5.7,5.2,7.1,6.1,6.8,5.6,4.8,6.6,5.4
334,12062,33.7,37.2,40.9,51.4,45.2,39.0,44.3,32.1,30.3,34.2,32.6,33.2,31.8,33.0,8.7,9.0,11.0,9.8,7.6,9.9,7.1,8.6,8.0,6.7,5.9,8.4,6.4,7.2
335,12063,27.0,34.5,27.9,47.4,47.8,43.4,49.1,42.0,39.3,40.6,44.5,46.7,46.4,48.4,11.5,11.6,10.7,10.2,9.0,7.4,7.4,7.3,8.0,6.6,5.3,6.1,6.2,5.3
336,12064,26.2,29.1,37.7,49.5,44.1,35.2,41.6,30.6,28.9,31.5,31.0,35.4,33.2,31.6,10.3,10.9,10.0,7.8,9.2,8.5,7.5,8.7,7.0,9.1,7.9,7.3,8.4,8.9
337,12065,24.7,30.4,38.1,44.9,42.4,34.8,43.3,35.4,32.6,33.1,36.1,41.0,40.3,40.7,8.4,7.3,8.8,7.8,7.5,9.4,6.1,6.9,7.3,6.3,7.3,7.0,5.8,7.0
338,12066,26.8,35.9,38.7,46.1,42.1,30.8,36.5,29.2,26.1,23.2,26.1,29.6,29.4,25.8,11.4,9.6,11.0,10.4,12.6,10.1,9.3,8.9,10.3,9.4,10.1,8.7,8.2,9.9
339,12067,30.3,39.2,45.1,49.2,45.5,40.4,43.5,33.6,33.8,33.1,34.0,36.8,36.9,35.5,11.5,12.1,12.5,11.4,9.7,9.8,8.7,10.1,9.7,9.5,8.8,8.8,10.0,9.0
340,12068,32.0,36.3,43.6,47.9,45.1,35.6,44.2,31.8,32.3,29.9,33.5,35.7,34.4,32.8,11.4,11.7,11.7,8.3,10.6,11.4,8.1,8.7,8.4,8.6,10.0,9.7,8.8,10.4
341,12069,35.5,41.8,47.1,55.9,48.3,42.6,52.0,42.2,42.4,44.4,44.4,52.3,51.2,51.0,9.6,9.0,9.3,6.7,6.7,6.2,5.6,5.5,5.8,5.5,5.2,5.0,3.2,4.3
342,12070,27.1,30.8,39.4,45.8,40.5,34.0,36.0,33.2,26.0,30.7,27.4,34.8,30.7,32.9,14.1,12.1,12.8,10.8,13.7,13.3,12.3,12.2,8.6,11.8,14.2,10.6,12.4,14.4
343,12071,31.1,42.3,52.8,58.3,52.0,42.8,44.1,32.1,32.4,28.2,36.2,39.2,39.2,31.3,9.3,7.0,8.4,6.2,5.8,7.5,5.9,8.4,11.2,7.4,6.4,7.6,10.0,9.9
344,12072,25.5,30.6,37.8,45.1,44.7,37.0,44.0,35.6,32.3,31.3,32.6,36.5,35.6,32.3,12.1,10.9,10.0,9.7,9.7,10.7,7.5,9.5,9.9,8.3,8.2,9.0,8.1,8.0
345,12073,29.9,32.2,38.2,42.0,39.3,33.5,38.5,28.9,28.1,30.4,29.2,31.9,31.6,30.4,12.2,12.5,11.7,10.9,10.6,13.7,10.0,11.8,12.9,11.0,11.6,11.1,11.0,10.4
346,13001,32.3,38.8,56.7,46.5,44.4,45.3,32.524750000000004,32.05311720698255,31.15486284289277,32.385785536159595,32.90623441396509,32.62130325814537,32.8110275689223,32.68421052631579,8.2,6.0,8.6,7.8,11.0,12.1,5.799253731343284,5.592059553349877,5.632009925558312,5.74714640198511,5.968486352357321,6.557356608478803,6.814214463840399,6.858354114713216
347,13002,40.2,46.9,67.0,50.7,50.0,43.0,32.524750000000004,32.05311720698255,31.15486284289277,32.385785536159595,32.90623441396509,32.62130325814537,32.8110275689223,32.68421052631579,11.5,9.6,6.3,9.6,8.0,14.7,5.799253731343284,5.592059553349877,5.632009925558312,5.74714640198511,5.968486352357321,6.557356608478803,6.814214463840399,6.858354114713216
348,13003,38.3,40.0,60.6,53.0,46.8,41.3,44.4,43.4,45.5,47.2,43.2,45.6,47.0,48.1,12.4,10.6,9.5,11.5,10.9,12.0,10.0,13.1,8.6,9.7,10.8,9.9,8.9,11.1
349,13004,32.8,38.5,60.4,48.0,37.8,38.8,42.5,43.5,44.9,49.9,47.9,48.5,44.3,40.4,13.5,13.1,7.9,10.1,17.8,13.1,13.1,14.2,9.9,9.4,11.9,10.3,11.6,11.4
350,13005,29.5,40.3,54.5,49.9,46.4,37.9,32.524750000000004,32.05311720698255,31.15486284289277,32.385785536159595,32.90623441396509,32.62130325814537,32.8110275689223,32.68421052631579,10.4,7.6,9.1,7.5,10.7,11.1,5.799253731343284,5.592059553349877,5.632009925558312,5.74714640198511,5.968486352357321,6.557356608478803,6.814214463840399,6.858354114713216
351,13006,34.6,35.7,57.7,43.2,35.3,42.2,32.524750000000004,32.05311720698255,31.15486284289277,32.385785536159595,32.90623441396509,32.62130325814537,32.8110275689223,32.68421052631579,13.8,11.7,12.3,21.1,17.7,14.3,5.799253731343284,5.592059553349877,5.632009925558312,5.74714640198511,5.968486352357321,6.557356608478803,6.814214463840399,6.858354114713216
352,13051,25.5,32.2,51.1,39.5,33.9,31.8,32.524750000000004,32.05311720698255,31.15486284289277,32.385785536159595,32.90623441396509,32.62130325814537,32.8110275689223,32.68421052631579,10.2,8.4,8.8,10.7,12.4,11.6,5.799253731343284,5.592059553349877,5.632009925558312,5.74714640198511,5.968486352357321,6.557356608478803,6.814214463840399,6.858354114713216
353,13052,19.9,26.9,47.0,35.8,27.8,28.3,32.524750000000004,32.05311720698255,31.15486284289277,32.385785536159595,32.90623441396509,32.62130325814537,32.8110275689223,32.68421052631579,11.1,12.0,11.7,14.4,15.1,16.7,5.799253731343284,5.592059553349877,5.632009925558312,5.74714640198511,5.968486352357321,6.557356608478803,6.814214463840399,6.858354114713216
354,13053,21.1,23.5,46.9,35.8,31.3,24.5,32.524750000000004,32.05311720698255,31.15486284289277,32.385785536159595,32.90623441396509,32.62130325814537,32.8110275689223,32.68421052631579,12.5,11.3,9.5,15.7,15.2,12.6,5.799253731343284,5.592059553349877,5.632009925558312,5.74714640198511,5.968486352357321,6.557356608478803,6.814214463840399,6.858354114713216
355,13054,23.7,28.0,51.5,37.4,33.4,31.0,32.524750000000004,32.05311720698255,31.15486284289277,32.385785536159595,32.90623441396509,32.62130325814537,32.8110275689223,32.68421052631579,9.4,11.3,9.4,11.1,10.3,14.7,5.799253731343284,5.592059553349877,5.632009925558312,5.74714640198511,5.968486352357321,6.557356608478803,6.814214463840399,6.858354114713216
356,13055,18.7,32.8,52.2,44.7,30.8,32.8,32.524750000000004,32.05311720698255,31.15486284289277,32.385785536159595,32.90623441396509,32.62130325814537,32.8110275689223,32.68421052631579,9.2,11.5,12.0,12.9,16.3,16.5,5.799253731343284,5.592059553349877,5.632009925558312,5.74714640198511,5.968486352357321,6.557356608478803,6.814214463840399,6.858354114713216
357,13056,22.6,30.4,53.6,40.3,36.3,31.3,32.524750000000004,32.05311720698255,31.15486284289277,32.385785536159595,32.90623441396509,32.62130325814537,32.8110275689223,32.68421052631579,9.9,10.2,10.1,15.9,14.7,13.9,5.799253731343284,5.592059553349877,5.632009925558312,5.74714640198511,5.968486352357321,6.557356608478803,6.814214463840399,6.858354114713216
358,13057,18.4,22.8,45.6,31.0,25.7,25.3,32.524750000000004,32.05311720698255,31.15486284289277,32.385785536159595,32.90623441396509,32.62130325814537,32.8110275689223,32.68421052631579,12.2,10.9,10.2,12.6,14.1,12.9,5.799253731343284,5.592059553349877,5.632009925558312,5.74714640198511,5.968486352357321,6.557356608478803,6.814214463840399,6.858354114713216
359,13058,17.6,24.6,47.5,30.8,27.6,26.9,32.524750000000004,32.05311720698255,31.15486284289277,32.385785536159595,32.90623441396509,32.62130325814537,32.8110275689223,32.68421052631579,12.9,11.2,9.9,15.9,15.8,17.8,5.799253731343284,5.592059553349877,5.632009925558312,5.74714640198511,5.968486352357321,6.557356608478803,6.814214463840399,6.858354114713216
360,13059,19.3,25.9,44.6,31.9,27.6,28.6,32.524750000000004,32.05311720698255,31.15486284289277,32.385785536159595,32.90623441396509,32.62130325814537,32.8110275689223,32.68421052631579,12.3,11.2,13.9,14.4,17.0,14.8,5.799253731343284,5.592059553349877,5.632009925558312,5.74714640198511,5.968486352357321,6.557356608478803,6.814214463840399,6.858354114713216
361,13060,24.6,27.2,50.8,35.6,31.0,28.7,32.524750000000004,32.05311720698255,31.15486284289277,32.385785536159595,32.90623441396509,32.62130325814537,32.8110275689223,32.68421052631579,11.1,11.0,10.9,12.7,15.7,18.5,5.799253731343284,5.592059553349877,5.632009925558312,5.74714640198511,5.968486352357321,6.557356608478803,6.814214463840399,6.858354114713216
362,13061,23.6,24.5,47.1,33.0,27.6,25.0,32.524750000000004,32.05311720698255,31.15486284289277,32.385785536159595,32.90623441396509,32.62130325814537,32.8110275689223,32.68421052631579,13.8,8.6,10.8,10.4,12.5,16.6,5.799253731343284,5.592059553349877,5.632009925558312,5.74714640198511,5.968486352357321,6.557356608478803,6.814214463840399,6.858354114713216
363,13062,23.7,25.4,51.5,32.4,36.5,31.5,32.524750000000004,32.05311720698255,31.15486284289277,32.385785536159595,32.90623441396509,32.62130325814537,32.8110275689223,32.68421052631579,14.5,9.3,9.6,12.0,13.1,13.1,5.799253731343284,5.592059553349877,5.632009925558312,5.74714640198511,5.968486352357321,6.557356608478803,6.814214463840399,6.858354114713216
364,13071,24.29115044247788,26.484987893462467,28.508048780487808,29.91,30.0209756097561,34.5509756097561,33.1,33.5,35.3,35.7,36.2,37.7,36.8,36.4,8.167692307692308,7.4072289156626505,7.1497572815533985,6.790048543689321,6.615776699029126,6.210194174757281,14.4,10.8,9.6,8.3,10.1,9.8,10.0,9.0
365,13072,24.29115044247788,26.484987893462467,28.508048780487808,29.91,30.0209756097561,34.5509756097561,28.9,29.1,30.8,30.0,33.2,31.4,35.0,31.9,8.167692307692308,7.4072289156626505,7.1497572815533985,6.790048543689321,6.615776699029126,6.210194174757281,12.5,9.6,8.6,7.8,8.8,8.3,6.4,9.5
366,13073,24.29115044247788,26.484987893462467,28.508048780487808,29.91,30.0209756097561,34.5509756097561,27.6,24.8,26.4,30.1,28.8,28.8,31.3,28.9,8.167692307692308,7.4072289156626505,7.1497572815533985,6.790048543689321,6.615776699029126,6.210194174757281,9.8,9.8,7.2,7.6,7.9,6.5,7.5,6.5
367,13074,24.29115044247788,26.484987893462467,28.508048780487808,29.91,30.0209756097561,34.5509756097561,31.4,30.9,31.9,35.1,34.9,34.8,35.1,34.0,8.167692307692308,7.4072289156626505,7.1497572815533985,6.790048543689321,6.615776699029126,6.210194174757281,13.7,10.9,8.3,9.7,9.8,9.8,9.5,8.5
368,13075,24.29115044247788,26.484987893462467,28.508048780487808,29.91,30.0209756097561,34.5509756097561,28.2,28.7,32.3,34.1,35.1,34.3,33.2,33.2,8.167692307692308,7.4072289156626505,7.1497572815533985,6.790048543689321,6.615776699029126,6.210194174757281,13.0,12.2,9.6,8.0,9.4,9.1,9.5,10.1
369,13076,24.29115044247788,26.484987893462467,28.508048780487808,29.91,30.0209756097561,34.5509756097561,31.8,30.2,29.0,32.8,34.0,32.4,32.1,33.4,8.167692307692308,7.4072289156626505,7.1497572815533985,6.790048543689321,6.615776699029126,6.210194174757281,12.5,10.5,8.9,8.1,7.8,8.3,8.7,8.7
370,14161,30.4,32.2,28.508048780487808,29.91,30.0209756097561,34.5509756097561,32.524750000000004,32.05311720698255,31.15486284289277,32.385785536159595,32.90623441396509,32.62130325814537,32.8110275689223,32.68421052631579,8.2,8.6,7.1497572815533985,6.790048543689321,6.615776699029126,6.210194174757281,5.799253731343284,5.592059553349877,5.632009925558312,5.74714640198511,5.968486352357321,6.557356608478803,6.814214463840399,6.858354114713216
371,14166,34.5,36.7,28.508048780487808,29.91,30.0209756097561,34.5509756097561,32.524750000000004,32.05311720698255,31.15486284289277,32.385785536159595,32.90623441396509,32.62130325814537,32.8110275689223,32.68421052631579,9.5,8.3,7.1497572815533985,6.790048543689321,6.615776699029126,6.210194174757281,5.799253731343284,5.592059553349877,5.632009925558312,5.74714640198511,5.968486352357321,6.557356608478803,6.814214463840399,6.858354114713216
372,14167,33.2,35.3,28.508048780487808,29.91,30.0209756097561,34.5509756097561,32.524750000000004,32.05311720698255,31.15486284289277,32.385785536159595,32.90623441396509,32.62130325814537,32.8110275689223,32.68421052631579,6.9,8.6,7.1497572815533985,6.790048543689321,6.615776699029126,6.210194174757281,5.799253731343284,5.592059553349877,5.632009925558312,5.74714640198511,5.968486352357321,6.557356608478803,6.814214463840399,6.858354114713216
373,14171,25.4,26.7,28.508048780487808,29.91,30.0209756097561,34.5509756097561,32.524750000000004,32.05311720698255,31.15486284289277,32.385785536159595,32.90623441396509,32.62130325814537,32.8110275689223,32.68421052631579,7.6,5.5,7.1497572815533985,6.790048543689321,6.615776699029126,6.210194174757281,5.799253731343284,5.592059553349877,5.632009925558312,5.74714640198511,5.968486352357321,6.557356608478803,6.814214463840399,6.858354114713216
374,14173,34.0,37.8,28.508048780487808,29.91,30.0209756097561,34.5509756097561,32.524750000000004,32.05311720698255,31.15486284289277,32.385785536159595,32.90623441396509,32.62130325814537,32.8110275689223,32.68421052631579,7.2,6.6,7.1497572815533985,6.790048543689321,6.615776699029126,6.210194174757281,5.799253731343284,5.592059553349877,5.632009925558312,5.74714640198511,5.968486352357321,6.557356608478803,6.814214463840399,6.858354114713216
375,14177,29.2,31.3,28.508048780487808,29.91,30.0209756097561,34.5509756097561,32.524750000000004,32.05311720698255,31.15486284289277,32.385785536159595,32.90623441396509,32.62130325814537,32.8110275689223,32.68421052631579,7.9,7.9,7.1497572815533985,6.790048543689321,6.615776699029126,6.210194174757281,5.799253731343284,5.592059553349877,5.632009925558312,5.74714640198511,5.968486352357321,6.557356608478803,6.814214463840399,6.858354114713216
376,14178,24.1,26.5,28.508048780487808,29.91,30.0209756097561,34.5509756097561,32.524750000000004,32.05311720698255,31.15486284289277,32.385785536159595,32.90623441396509,32.62130325814537,32.8110275689223,32.68421052631579,6.8,7.1,7.1497572815533985,6.790048543689321,6.615776699029126,6.210194174757281,5.799253731343284,5.592059553349877,5.632009925558312,5.74714640198511,5.968486352357321,6.557356608478803,6.814214463840399,6.858354114713216
377,14181,25.0,25.8,28.508048780487808,29.91,30.0209756097561,34.5509756097561,32.524750000000004,32.05311720698255,31.15486284289277,32.385785536159595,32.90623441396509,32.62130325814537,32.8110275689223,32.68421052631579,7.6,5.3,7.1497572815533985,6.790048543689321,6.615776699029126,6.210194174757281,5.799253731343284,5.592059553349877,5.632009925558312,5.74714640198511,5.968486352357321,6.557356608478803,6.814214463840399,6.858354114713216
378,14182,29.0,36.5,28.508048780487808,29.91,30.0209756097561,34.5509756097561,32.524750000000004,32.05311720698255,31.15486284289277,32.385785536159595,32.90623441396509,32.62130325814537,32.8110275689223,32.68421052631579,6.7,6.6,7.1497572815533985,6.790048543689321,6.615776699029126,6.210194174757281,5.799253731343284,5.592059553349877,5.632009925558312,5.74714640198511,5.968486352357321,6.557356608478803,6.814214463840399,6.858354114713216
379,14188,23.9,24.8,28.508048780487808,29.91,30.0209756097561,34.5509756097561,32.524750000000004,32.05311720698255,31.15486284289277,32.385785536159595,32.90623441396509,32.62130325814537,32.8110275689223,32.68421052631579,6.1,5.0,7.1497572815533985,6.790048543689321,6.615776699029126,6.210194174757281,5.799253731343284,5.592059553349877,5.632009925558312,5.74714640198511,5.968486352357321,6.557356608478803,6.814214463840399,6.858354114713216
380,14191,19.8,23.4,28.508048780487808,29.91,30.0209756097561,34.5509756097561,32.524750000000004,32.05311720698255,31.15486284289277,32.385785536159595,32.90623441396509,32.62130325814537,32.8110275689223,32.68421052631579,7.7,9.6,7.1497572815533985,6.790048543689321,6.615776699029126,6.210194174757281,5.799253731343284,5.592059553349877,5.632009925558312,5.74714640198511,5.968486352357321,6.557356608478803,6.814214463840399,6.858354114713216
381,14193,26.4,27.4,28.508048780487808,29.91,30.0209756097561,34.5509756097561,32.524750000000004,32.05311720698255,31.15486284289277,32.385785536159595,32.90623441396509,32.62130325814537,32.8110275689223,32.68421052631579,7.9,9.6,7.1497572815533985,6.790048543689321,6.615776699029126,6.210194174757281,5.799253731343284,5.592059553349877,5.632009925558312,5.74714640198511,5.968486352357321,6.557356608478803,6.814214463840399,6.858354114713216
382,14262,34.4,35.5,28.508048780487808,29.91,30.0209756097561,34.5509756097561,32.524750000000004,32.05311720698255,31.15486284289277,32.385785536159595,32.90623441396509,32.62130325814537,32.8110275689223,32.68421052631579,8.5,8.2,7.1497572815533985,6.790048543689321,6.615776699029126,6.210194174757281,5.799253731343284,5.592059553349877,5.632009925558312,5.74714640198511,5.968486352357321,6.557356608478803,6.814214463840399,6.858354114713216
383,14263,30.7,36.1,28.508048780487808,29.91,30.0209756097561,34.5509756097561,32.524750000000004,32.05311720698255,31.15486284289277,32.385785536159595,32.90623441396509,32.62130325814537,32.8110275689223,32.68421052631579,10.9,11.9,7.1497572815533985,6.790048543689321,6.615776699029126,6.210194174757281,5.799253731343284,5.592059553349877,5.632009925558312,5.74714640198511,5.968486352357321,6.557356608478803,6.814214463840399,6.858354114713216
384,14264,36.2,45.5,28.508048780487808,29.91,30.0209756097561,34.5509756097561,32.524750000000004,32.05311720698255,31.15486284289277,32.385785536159595,32.90623441396509,32.62130325814537,32.8110275689223,32.68421052631579,13.1,10.1,7.1497572815533985,6.790048543689321,6.615776699029126,6.210194174757281,5.799253731343284,5.592059553349877,5.632009925558312,5.74714640198511,5.968486352357321,6.557356608478803,6.814214463840399,6.858354114713216
385,14272,26.8,31.5,28.508048780487808,29.91,30.0209756097561,34.5509756097561,32.524750000000004,32.05311720698255,31.15486284289277,32.385785536159595,32.90623441396509,32.62130325814537,32.8110275689223,32.68421052631579,7.5,7.3,7.1497572815533985,6.790048543689321,6.615776699029126,6.210194174757281,5.799253731343284,5.592059553349877,5.632009925558312,5.74714640198511,5.968486352357321,6.557356608478803,6.814214463840399,6.858354114713216
386,14280,29.4,31.4,28.508048780487808,29.91,30.0209756097561,34.5509756097561,32.524750000000004,32.05311720698255,31.15486284289277,32.385785536159595,32.90623441396509,32.62130325814537,32.8110275689223,32.68421052631579,8.3,7.5,7.1497572815533985,6.790048543689321,6.615776699029126,6.210194174757281,5.799253731343284,5.592059553349877,5.632009925558312,5.74714640198511,5.968486352357321,6.557356608478803,6.814214463840399,6.858354114713216
387,14284,19.5,22.5,28.508048780487808,29.91,30.0209756097561,34.5509756097561,32.524750000000004,32.05311720698255,31.15486284289277,32.385785536159595,32.90623441396509,32.62130325814537,32.8110275689223,32.68421052631579,8.3,7.5,7.1497572815533985,6.790048543689321,6.615776699029126,6.210194174757281,5.799253731343284,5.592059553349877,5.632009925558312,5.74714640198511,5.968486352357321,6.557356608478803,6.814214463840399,6.858354114713216
388,14285,20.5,25.1,28.508048780487808,29.91,30.0209756097561,34.5509756097561,32.524750000000004,32.05311720698255,31.15486284289277,32.385785536159595,32.90623441396509,32.62130325814537,32.8110275689223,32.68421052631579,8.3,8.9,7.1497572815533985,6.790048543689321,6.615776699029126,6.210194174757281,5.799253731343284,5.592059553349877,5.632009925558312,5.74714640198511,5.968486352357321,6.557356608478803,6.814214463840399,6.858354114713216
389,14286,26.9,31.1,28.508048780487808,29.91,30.0209756097561,34.5509756097561,32.524750000000004,32.05311720698255,31.15486284289277,32.385785536159595,32.90623441396509,32.62130325814537,32.8110275689223,32.68421052631579,8.7,8.6,7.1497572815533985,6.790048543689321,6.615776699029126,6.210194174757281,5.799253731343284,5.592059553349877,5.632009925558312,5.74714640198511,5.968486352357321,6.557356608478803,6.814214463840399,6.858354114713216
390,14287,27.8,34.0,28.508048780487808,29.91,30.0209756097561,34.5509756097561,32.524750000000004,32.05311720698255,31.15486284289277,32.385785536159595,32.90623441396509,32.62130325814537,32.8110275689223,32.68421052631579,10.7,8.9,7.1497572815533985,6.790048543689321,6.615776699029126,6.210194174757281,5.799253731343284,5.592059553349877,5.632009925558312,5.74714640198511,5.968486352357321,6.557356608478803,6.814214463840399,6.858354114713216
391,14290,24.7,25.7,28.508048780487808,29.91,30.0209756097561,34.5509756097561,32.524750000000004,32.05311720698255,31.15486284289277,32.385785536159595,32.90623441396509,32.62130325814537,32.8110275689223,32.68421052631579,7.9,8.4,7.1497572815533985,6.790048543689321,6.615776699029126,6.210194174757281,5.799253731343284,5.592059553349877,5.632009925558312,5.74714640198511,5.968486352357321,6.557356608478803,6.814214463840399,6.858354114713216
392,14292,19.3,22.1,28.508048780487808,29.91,30.0209756097561,34.5509756097561,32.524750000000004,32.05311720698255,31.15486284289277,32.385785536159595,32.90623441396509,32.62130325814537,32.8110275689223,32.68421052631579,7.7,8.0,7.1497572815533985,6.790048543689321,6.615776699029126,6.210194174757281,5.799253731343284,5.592059553349877,5.632009925558312,5.74714640198511,5.968486352357321,6.557356608478803,6.814214463840399,6.858354114713216
393,14365,33.0,38.2,28.508048780487808,29.91,30.0209756097561,34.5509756097561,32.524750000000004,32.05311720698255,31.15486284289277,32.385785536159595,32.90623441396509,32.62130325814537,32.8110275689223,32.68421052631579,11.7,11.6,7.1497572815533985,6.790048543689321,6.615776699029126,6.210194174757281,5.799253731343284,5.592059553349877,5.632009925558312,5.74714640198511,5.968486352357321,6.557356608478803,6.814214463840399,6.858354114713216
394,14374,31.7,36.5,28.508048780487808,29.91,30.0209756097561,34.5509756097561,32.524750000000004,32.05311720698255,31.15486284289277,32.385785536159595,32.90623441396509,32.62130325814537,32.8110275689223,32.68421052631579,9.8,8.5,7.1497572815533985,6.790048543689321,6.615776699029126,6.210194174757281,5.799253731343284,5.592059553349877,5.632009925558312,5.74714640198511,5.968486352357321,6.557356608478803,6.814214463840399,6.858354114713216
395,14375,22.7,26.3,28.508048780487808,29.91,30.0209756097561,34.5509756097561,32.524750000000004,32.05311720698255,31.15486284289277,32.385785536159595,32.90623441396509,32.62130325814537,32.8110275689223,32.68421052631579,9.7,12.0,7.1497572815533985,6.790048543689321,6.615776699029126,6.210194174757281,5.799253731343284,5.592059553349877,5.632009925558312,5.74714640198511,5.968486352357321,6.557356608478803,6.814214463840399,6.858354114713216
396,14379,26.4,27.6,28.508048780487808,29.91,30.0209756097561,34.5509756097561,32.524750000000004,32.05311720698255,31.15486284289277,32.385785536159595,32.90623441396509,32.62130325814537,32.8110275689223,32.68421052631579,9.8,9.0,7.1497572815533985,6.790048543689321,6.615776699029126,6.210194174757281,5.799253731343284,5.592059553349877,5.632009925558312,5.74714640198511,5.968486352357321,6.557356608478803,6.814214463840399,6.858354114713216
397,14383,29.7,29.5,28.508048780487808,29.91,30.0209756097561,34.5509756097561,32.524750000000004,32.05311720698255,31.15486284289277,32.385785536159595,32.90623441396509,32.62130325814537,32.8110275689223,32.68421052631579,7.8,7.4,7.1497572815533985,6.790048543689321,6.615776699029126,6.210194174757281,5.799253731343284,5.592059553349877,5.632009925558312,5.74714640198511,5.968486352357321,6.557356608478803,6.814214463840399,6.858354114713216
398,14389,20.7,25.8,28.508048780487808,29.91,30.0209756097561,34.5509756097561,32.524750000000004,32.05311720698255,31.15486284289277,32.385785536159595,32.90623441396509,32.62130325814537,32.8110275689223,32.68421052631579,8.2,9.8,7.1497572815533985,6.790048543689321,6.615776699029126,6.210194174757281,5.799253731343284,5.592059553349877,5.632009925558312,5.74714640198511,5.968486352357321,6.557356608478803,6.814214463840399,6.858354114713216
399,14511,30.4,32.2,41.4,38.5,34.7,31.7,32.2,32.4,32.0,36.4,34.6,33.5,33.9,34.9,8.2,8.6,9.7,9.6,10.5,11.2,12.1,13.0,11.4,9.7,10.1,13.0,10.9,11.2
400,14521,23.1,25.0,33.2,34.5,25.6,25.0,23.7,23.0,23.4,24.0,24.3,26.7,25.3,28.3,7.3,6.7,6.6,6.1,6.6,8.1,7.3,8.3,6.9,7.5,7.8,6.8,8.4,7.6
401,14522,27.7,32.2,38.0,38.9,30.7,29.6,29.1,27.5,28.4,32.6,30.7,30.9,30.8,28.8,7.9,8.2,8.5,7.9,9.6,8.8,8.8,10.1,9.8,9.1,9.1,9.6,9.3,9.4
402,14523,26.8,29.3,39.6,36.4,28.1,29.9,28.6,27.6,30.0,31.8,29.3,31.6,31.5,30.0,7.5,7.4,7.2,8.2,7.8,7.8,6.4,8.9,5.8,6.2,7.5,5.7,8.2,7.6
403,14524,31.2,33.6,37.2,37.8,30.4,32.5,30.7,31.2,32.6,33.6,33.6,34.9,35.8,32.6,7.3,8.2,8.1,8.2,9.6,9.9,9.7,9.5,9.3,8.2,7.2,7.7,7.6,10.4
404,14612,34.4,35.5,43.2,45.3,35.5,36.3,38.0,37.0,38.0,40.1,40.3,41.1,42.1,43.0,8.5,8.2,8.0,8.0,8.1,8.0,8.5,8.6,8.7,7.6,5.9,7.8,8.1,7.5
405,14625,25.2,30.1,36.7,39.6,31.7,30.6,27.3,28.8,30.0,30.6,31.0,32.7,32.9,31.7,8.4,8.1,8.4,9.7,9.2,9.2,9.9,9.0,5.7,7.9,8.2,6.7,7.4,6.8
406,14626,25.2,29.2,32.9,33.6,25.4,23.0,24.0,23.2,23.4,28.3,28.1,28.9,28.9,28.4,9.0,8.8,9.4,9.0,9.6,10.4,11.9,11.7,8.6,9.0,10.2,8.8,9.4,9.1
407,14627,25.4,28.6,37.3,37.3,26.6,27.5,25.8,25.3,27.2,30.6,26.5,29.3,30.8,30.6,8.3,8.1,7.6,8.5,9.7,8.0,9.0,8.4,8.1,5.6,7.8,7.4,6.2,6.1
408,14628,26.4,30.0,37.0,38.1,25.7,26.4,25.5,24.5,27.4,25.9,29.2,28.7,26.4,29.3,9.5,8.7,9.7,9.5,11.9,11.9,9.2,10.2,6.6,9.4,8.1,10.2,8.2,9.4
409,14713,33.0,38.2,42.2,44.7,34.6,34.4,34.6,34.6,35.9,39.2,38.5,40.1,40.3,38.9,11.7,11.6,11.2,10.2,13.3,14.3,13.2,14.4,11.7,10.8,10.8,9.7,11.2,10.8
410,14729,28.2,28.6,37.5,36.7,26.9,27.7,25.1,26.1,24.0,28.3,28.6,30.0,32.1,32.7,8.8,8.2,6.9,8.4,9.2,8.9,8.7,8.7,7.0,7.0,7.3,5.9,6.4,6.5
411,14730,27.3,32.1,38.0,40.5,29.9,23.1,24.5,22.8,26.1,36.3,29.6,31.5,29.5,30.3,9.2,9.0,10.3,10.5,12.9,14.8,13.4,10.9,10.9,8.0,10.3,8.9,11.0,10.5
412,15001,24.29115044247788,49.7,42.4,41.0,31.9,33.9,33.4,31.9,32.7,34.8,36.4,37.6,36.8,35.6,8.167692307692308,6.4,9.2,5.9,8.9,10.2,9.0,11.8,8.3,11.4,10.0,10.7,11.4,10.1
413,15002,30.9,49.0,40.7,40.5,34.6,34.6,38.7,36.0,36.8,38.6,38.2,37.9,37.8,35.5,13.3,8.3,11.8,11.2,13.5,13.9,11.1,10.6,10.7,11.0,11.6,11.6,12.5,13.2
414,15003,33.7,50.3,43.4,45.2,38.6,36.1,37.8,36.2,38.4,40.3,40.4,38.5,38.7,36.8,11.5,7.4,10.9,9.7,11.0,13.4,11.4,9.7,9.1,11.1,9.7,10.5,11.1,11.6
415,15081,23.2,39.6,31.1,32.5,26.5,25.7,24.3,24.7,25.4,26.1,25.9,29.7,24.4,26.0,13.1,9.0,12.1,11.3,11.7,15.4,15.7,11.1,9.7,12.6,10.8,9.3,11.1,12.8
416,15082,24.29115044247788,41.0,31.7,36.8,25.0,24.9,25.7,24.6,25.5,29.2,26.1,27.5,28.6,26.5,8.167692307692308,8.5,12.0,11.3,15.3,14.5,13.1,12.3,9.5,9.5,10.5,11.2,13.1,13.6
417,15083,24.29115044247788,40.5,32.7,31.3,24.6,23.7,24.9,24.7,23.7,26.0,27.8,29.0,32.4,27.9,8.167692307692308,6.5,8.1,9.3,9.0,9.9,9.0,7.5,8.2,8.3,7.6,7.0,8.7,8.1
418,15084,24.29115044247788,44.9,34.0,37.2,32.8,31.8,30.1,35.1,31.3,32.5,32.7,31.4,30.1,31.5,8.167692307692308,8.1,13.8,12.3,13.2,12.8,12.5,10.3,11.2,12.2,8.9,10.5,11.9,11.5
419,15085,24.29115044247788,40.8,32.9,34.9,26.1,28.3,27.6,28.1,26.8,31.3,30.4,29.8,31.0,30.9,8.167692307692308,6.8,9.6,8.5,10.7,8.1,8.4,8.2,7.3,8.6,7.1,8.0,9.6,9.2
420,15086,24.29115044247788,39.2,31.8,26.4,22.6,20.2,23.6,22.6,23.3,23.7,28.6,23.3,25.1,25.1,8.167692307692308,9.6,11.8,11.6,12.8,14.3,11.9,12.4,10.4,10.8,11.8,14.0,13.0,12.1
421,15087,24.29115044247788,36.8,29.5,29.9,22.7,21.8,20.9,22.0,23.1,18.8,22.3,21.6,23.1,21.0,8.167692307692308,9.7,11.3,14.8,11.7,15.6,16.0,15.9,14.4,17.3,10.6,11.7,12.8,13.1
422,15088,24.29115044247788,37.0,29.4,27.4,23.3,24.1,23.2,20.3,24.0,24.9,24.5,27.4,29.7,27.5,8.167692307692308,7.4,11.2,9.6,12.3,9.6,10.2,10.0,7.4,8.7,8.5,8.7,8.0,7.8
423,15089,24.29115044247788,37.2,30.2,31.0,22.7,23.3,23.2,23.0,21.6,22.4,21.6,19.5,25.3,24.8,8.167692307692308,10.1,11.4,11.7,16.4,13.3,12.7,10.5,11.9,10.4,10.9,10.9,12.1,12.0
424,15090,25.6,44.2,30.7,36.7,31.4,27.0,27.2,23.7,28.7,31.4,29.2,31.6,33.1,28.7,11.4,7.8,10.9,13.3,14.6,13.8,13.1,11.6,12.8,9.7,11.1,10.3,14.9,13.8
425,15091,24.29115044247788,37.4,33.7,31.1,24.7,27.0,25.5,22.6,20.9,27.4,27.0,27.5,27.5,27.4,8.167692307692308,5.9,6.8,9.1,8.7,9.4,9.8,9.0,11.7,8.8,8.6,10.7,10.9,9.6
426,15101,31.9,26.484987893462467,28.508048780487808,29.91,30.0209756097561,34.5509756097561,32.524750000000004,32.05311720698255,31.15486284289277,32.385785536159595,32.90623441396509,32.62130325814537,32.8110275689223,32.68421052631579,10.2,7.4072289156626505,7.1497572815533985,6.790048543689321,6.615776699029126,6.210194174757281,5.799253731343284,5.592059553349877,5.632009925558312,5.74714640198511,5.968486352357321,6.557356608478803,6.814214463840399,6.858354114713216
427,15151,17.6,26.484987893462467,28.508048780487808,29.91,30.0209756097561,34.5509756097561,32.524750000000004,32.05311720698255,31.15486284289277,32.385785536159595,32.90623441396509,32.62130325814537,32.8110275689223,32.68421052631579,12.3,7.4072289156626505,7.1497572815533985,6.790048543689321,6.615776699029126,6.210194174757281,5.799253731343284,5.592059553349877,5.632009925558312,5.74714640198511,5.968486352357321,6.557356608478803,6.814214463840399,6.858354114713216
428,15153,18.3,26.484987893462467,28.508048780487808,29.91,30.0209756097561,34.5509756097561,32.524750000000004,32.05311720698255,31.15486284289277,32.385785536159595,32.90623441396509,32.62130325814537,32.8110275689223,32.68421052631579,12.9,7.4072289156626505,7.1497572815533985,6.790048543689321,6.615776699029126,6.210194174757281,5.799253731343284,5.592059553349877,5.632009925558312,5.74714640198511,5.968486352357321,6.557356608478803,6.814214463840399,6.858354114713216
429,15154,23.1,26.484987893462467,28.508048780487808,29.91,30.0209756097561,34.5509756097561,32.524750000000004,32.05311720698255,31.15486284289277,32.385785536159595,32.90623441396509,32.62130325814537,32.8110275689223,32.68421052631579,11.8,7.4072289156626505,7.1497572815533985,6.790048543689321,6.615776699029126,6.210194174757281,5.799253731343284,5.592059553349877,5.632009925558312,5.74714640198511,5.968486352357321,6.557356608478803,6.814214463840399,6.858354114713216
430,15159,24.9,26.484987893462467,28.508048780487808,29.91,30.0209756097561,34.5509756097561,32.524750000000004,32.05311720698255,31.15486284289277,32.385785536159595,32.90623441396509,32.62130325814537,32.8110275689223,32.68421052631579,10.2,7.4072289156626505,7.1497572815533985,6.790048543689321,6.615776699029126,6.210194174757281,5.799253731343284,5.592059553349877,5.632009925558312,5.74714640198511,5.968486352357321,6.557356608478803,6.814214463840399,6.858354114713216
431,15171,27.1,26.484987893462467,28.508048780487808,29.91,30.0209756097561,34.5509756097561,32.524750000000004,32.05311720698255,31.15486284289277,32.385785536159595,32.90623441396509,32.62130325814537,32.8110275689223,32.68421052631579,7.6,7.4072289156626505,7.1497572815533985,6.790048543689321,6.615776699029126,6.210194174757281,5.799253731343284,5.592059553349877,5.632009925558312,5.74714640198511,5.968486352357321,6.557356608478803,6.814214463840399,6.858354114713216
432,15202,30.9,26.484987893462467,28.508048780487808,29.91,30.0209756097561,34.5509756097561,32.524750000000004,32.05311720698255,31.15486284289277,32.385785536159595,32.90623441396509,32.62130325814537,32.8110275689223,32.68421052631579,13.3,7.4072289156626505,7.1497572815533985,6.790048543689321,6.615776699029126,6.210194174757281,5.799253731343284,5.592059553349877,5.632009925558312,5.74714640198511,5.968486352357321,6.557356608478803,6.814214463840399,6.858354114713216
433,15256,25.8,26.484987893462467,28.508048780487808,29.91,30.0209756097561,34.5509756097561,32.524750000000004,32.05311720698255,31.15486284289277,32.385785536159595,32.90623441396509,32.62130325814537,32.8110275689223,32.68421052631579,12.2,7.4072289156626505,7.1497572815533985,6.790048543689321,6.615776699029126,6.210194174757281,5.799253731343284,5.592059553349877,5.632009925558312,5.74714640198511,5.968486352357321,6.557356608478803,6.814214463840399,6.858354114713216
434,15260,21.6,26.484987893462467,28.508048780487808,29.91,30.0209756097561,34.5509756097561,32.524750000000004,32.05311720698255,31.15486284289277,32.385785536159595,32.90623441396509,32.62130325814537,32.8110275689223,32.68421052631579,14.4,7.4072289156626505,7.1497572815533985,6.790048543689321,6.615776699029126,6.210194174757281,5.799253731343284,5.592059553349877,5.632009925558312,5.74714640198511,5.968486352357321,6.557356608478803,6.814214463840399,6.858354114713216
435,15261,21.3,26.484987893462467,28.508048780487808,29.91,30.0209756097561,34.5509756097561,32.524750000000004,32.05311720698255,31.15486284289277,32.385785536159595,32.90623441396509,32.62130325814537,32.8110275689223,32.68421052631579,9.8,7.4072289156626505,7.1497572815533985,6.790048543689321,6.615776699029126,6.210194174757281,5.799253731343284,5.592059553349877,5.632009925558312,5.74714640198511,5.968486352357321,6.557356608478803,6.814214463840399,6.858354114713216
436,15265,18.9,26.484987893462467,28.508048780487808,29.91,30.0209756097561,34.5509756097561,32.524750000000004,32.05311720698255,31.15486284289277,32.385785536159595,32.90623441396509,32.62130325814537,32.8110275689223,32.68421052631579,9.4,7.4072289156626505,7.1497572815533985,6.790048543689321,6.615776699029126,6.210194174757281,5.799253731343284,5.592059553349877,5.632009925558312,5.74714640198511,5.968486352357321,6.557356608478803,6.814214463840399,6.858354114713216
437,15266,21.2,26.484987893462467,28.508048780487808,29.91,30.0209756097561,34.5509756097561,32.524750000000004,32.05311720698255,31.15486284289277,32.385785536159595,32.90623441396509,32.62130325814537,32.8110275689223,32.68421052631579,7.5,7.4072289156626505,7.1497572815533985,6.790048543689321,6.615776699029126,6.210194174757281,5.799253731343284,5.592059553349877,5.632009925558312,5.74714640198511,5.968486352357321,6.557356608478803,6.814214463840399,6.858354114713216
438,15268,23.0,26.484987893462467,28.508048780487808,29.91,30.0209756097561,34.5509756097561,32.524750000000004,32.05311720698255,31.15486284289277,32.385785536159595,32.90623441396509,32.62130325814537,32.8110275689223,32.68421052631579,12.0,7.4072289156626505,7.1497572815533985,6.790048543689321,6.615776699029126,6.210194174757281,5.799253731343284,5.592059553349877,5.632009925558312,5.74714640198511,5.968486352357321,6.557356608478803,6.814214463840399,6.858354114713216
439,15303,33.7,26.484987893462467,28.508048780487808,29.91,30.0209756097561,34.5509756097561,32.524750000000004,32.05311720698255,31.15486284289277,32.385785536159595,32.90623441396509,32.62130325814537,32.8110275689223,32.68421052631579,11.5,7.4072289156626505,7.1497572815533985,6.790048543689321,6.615776699029126,6.210194174757281,5.799253731343284,5.592059553349877,5.632009925558312,5.74714640198511,5.968486352357321,6.557356608478803,6.814214463840399,6.858354114713216
440,15352,18.1,26.484987893462467,28.508048780487808,29.91,30.0209756097561,34.5509756097561,32.524750000000004,32.05311720698255,31.15486284289277,32.385785536159595,32.90623441396509,32.62130325814537,32.8110275689223,32.68421052631579,13.0,7.4072289156626505,7.1497572815533985,6.790048543689321,6.615776699029126,6.210194174757281,5.799253731343284,5.592059553349877,5.632009925558312,5.74714640198511,5.968486352357321,6.557356608478803,6.814214463840399,6.858354114713216
441,15355,21.1,26.484987893462467,28.508048780487808,29.91,30.0209756097561,34.5509756097561,32.524750000000004,32.05311720698255,31.15486284289277,32.385785536159595,32.90623441396509,32.62130325814537,32.8110275689223,32.68421052631579,10.0,7.4072289156626505,7.1497572815533985,6.790048543689321,6.615776699029126,6.210194174757281,5.799253731343284,5.592059553349877,5.632009925558312,5.74714640198511,5.968486352357321,6.557356608478803,6.814214463840399,6.858354114713216
442,15357,23.7,26.484987893462467,28.508048780487808,29.91,30.0209756097561,34.5509756097561,32.524750000000004,32.05311720698255,31.15486284289277,32.385785536159595,32.90623441396509,32.62130325814537,32.8110275689223,32.68421052631579,8.8,7.4072289156626505,7.1497572815533985,6.790048543689321,6.615776699029126,6.210194174757281,5.799253731343284,5.592059553349877,5.632009925558312,5.74714640198511,5.968486352357321,6.557356608478803,6.814214463840399,6.858354114713216
443,15358,21.0,26.484987893462467,28.508048780487808,29.91,30.0209756097561,34.5509756097561,32.524750000000004,32.05311720698255,31.15486284289277,32.385785536159595,32.90623441396509,32.62130325814537,32.8110275689223,32.68421052631579,10.1,7.4072289156626505,7.1497572815533985,6.790048543689321,6.615776699029126,6.210194174757281,5.799253731343284,5.592059553349877,5.632009925558312,5.74714640198511,5.968486352357321,6.557356608478803,6.814214463840399,6.858354114713216
444,15362,22.6,26.484987893462467,28.508048780487808,29.91,30.0209756097561,34.5509756097561,32.524750000000004,32.05311720698255,31.15486284289277,32.385785536159595,32.90623441396509,32.62130325814537,32.8110275689223,32.68421052631579,10.2,7.4072289156626505,7.1497572815533985,6.790048543689321,6.615776699029126,6.210194174757281,5.799253731343284,5.592059553349877,5.632009925558312,5.74714640198511,5.968486352357321,6.557356608478803,6.814214463840399,6.858354114713216
445,15363,25.6,26.484987893462467,28.508048780487808,29.91,30.0209756097561,34.5509756097561,32.524750000000004,32.05311720698255,31.15486284289277,32.385785536159595,32.90623441396509,32.62130325814537,32.8110275689223,32.68421052631579,11.4,7.4072289156626505,7.1497572815533985,6.790048543689321,6.615776699029126,6.210194174757281,5.799253731343284,5.592059553349877,5.632009925558312,5.74714640198511,5.968486352357321,6.557356608478803,6.814214463840399,6.858354114713216
446,15364,27.7,26.484987893462467,28.508048780487808,29.91,30.0209756097561,34.5509756097561,32.524750000000004,32.05311720698255,31.15486284289277,32.385785536159595,32.90623441396509,32.62130325814537,32.8110275689223,32.68421052631579,7.7,7.4072289156626505,7.1497572815533985,6.790048543689321,6.615776699029126,6.210194174757281,5.799253731343284,5.592059553349877,5.632009925558312,5.74714640198511,5.968486352357321,6.557356608478803,6.814214463840399,6.858354114713216
447,15367,19.6,26.484987893462467,28.508048780487808,29.91,30.0209756097561,34.5509756097561,32.524750000000004,32.05311720698255,31.15486284289277,32.385785536159595,32.90623441396509,32.62130325814537,32.8110275689223,32.68421052631579,10.6,7.4072289156626505,7.1497572815533985,6.790048543689321,6.615776699029126,6.210194174757281,5.799253731343284,5.592059553349877,5.632009925558312,5.74714640198511,5.968486352357321,6.557356608478803,6.814214463840399,6.858354114713216
448,15369,24.6,26.484987893462467,28.508048780487808,29.91,30.0209756097561,34.5509756097561,32.524750000000004,32.05311720698255,31.15486284289277,32.385785536159595,32.90623441396509,32.62130325814537,32.8110275689223,32.68421052631579,9.4,7.4072289156626505,7.1497572815533985,6.790048543689321,6.615776699029126,6.210194174757281,5.799253731343284,5.592059553349877,5.632009925558312,5.74714640198511,5.968486352357321,6.557356608478803,6.814214463840399,6.858354114713216
449,15370,23.2,26.484987893462467,28.508048780487808,29.91,30.0209756097561,34.5509756097561,32.524750000000004,32.05311720698255,31.15486284289277,32.385785536159595,32.90623441396509,32.62130325814537,32.8110275689223,32.68421052631579,13.1,7.4072289156626505,7.1497572815533985,6.790048543689321,6.615776699029126,6.210194174757281,5.799253731343284,5.592059553349877,5.632009925558312,5.74714640198511,5.968486352357321,6.557356608478803,6.814214463840399,6.858354114713216
450,16051,38.6,42.8,49.4,49.4,46.2,41.8,40.8,39.7,40.2,42.2,40.7,38.2,40.4,38.6,8.8,8.5,7.5,7.7,9.6,8.7,8.0,9.3,7.0,9.1,7.8,11.8,11.0,9.5
451,16052,35.5,39.7,39.3,44.5,40.9,30.7,36.6,33.8,32.8,34.3,32.0,35.5,31.5,29.1,8.3,8.6,7.3,12.1,10.0,11.9,9.0,9.0,6.3,8.8,9.0,9.4,13.0,13.8
452,16053,49.8,55.7,58.4,61.9,56.4,53.9,56.5,55.6,56.3,55.3,58.0,57.3,55.0,52.8,4.0,4.3,3.1,4.8,5.3,4.3,3.4,5.3,4.7,4.1,5.9,3.1,5.0,4.8
453,16054,31.6,32.2,52.6,42.7,28.1,24.2,23.8,20.9,24.8,29.1,30.7,23.5,23.3,27.5,14.7,10.2,8.0,9.7,10.9,11.3,6.1,8.9,10.7,4.5,10.4,8.7,7.8,11.4
454,16055,44.3,46.3,58.3,53.4,52.4,46.2,52.6,44.5,46.7,48.7,54.7,47.9,46.3,48.4,13.7,7.3,6.7,7.5,10.3,11.0,6.4,7.8,4.4,6.9,6.4,9.3,9.7,8.5
455,16056,41.4,46.4,48.6,50.4,40.0,39.8,45.3,38.5,41.4,45.3,45.0,35.6,36.0,38.3,10.5,9.3,10.3,10.2,12.0,10.9,11.0,11.5,11.7,8.5,7.6,16.7,16.0,10.7
456,16061,31.7,34.5,41.5,42.1,40.6,39.9,34.5,34.9,34.6,37.2,36.7,36.0,34.9,38.4,6.4,5.0,2.5,4.7,5.1,5.5,5.9,6.2,5.2,6.1,5.5,6.0,5.1,6.9
457,16062,27.0,30.9,35.6,38.9,29.8,24.2,28.3,23.5,23.6,27.1,29.9,29.8,27.6,26.4,11.7,10.2,9.1,10.1,13.1,12.5,10.7,11.7,7.2,7.1,9.2,8.6,11.3,11.6
458,16063,21.4,27.5,33.0,32.6,28.7,27.1,26.0,27.4,23.6,22.6,26.0,25.1,25.1,24.2,6.3,4.9,6.3,4.8,5.5,6.5,5.9,4.5,7.3,6.5,6.1,6.1,6.5,8.2
459,16064,35.5,34.9,42.3,45.3,33.4,31.2,33.5,33.0,31.4,35.7,34.5,35.3,30.6,29.6,8.7,11.0,9.4,8.8,11.5,12.6,9.9,10.1,10.5,10.3,9.8,10.9,12.3,12.0
460,16065,28.8,32.7,35.6,38.7,30.3,29.9,28.6,25.9,26.7,28.5,28.7,25.7,28.6,28.3,8.9,6.7,7.7,6.1,9.6,6.3,8.9,11.9,8.9,9.1,10.0,8.5,10.2,9.5
461,16066,28.0,30.7,38.5,39.5,31.4,28.1,24.6,22.5,29.8,28.3,30.9,28.9,27.2,30.0,8.8,5.8,8.3,9.2,9.1,8.4,9.1,10.2,8.4,9.3,9.1,9.9,10.2,9.2
462,16067,32.6,33.6,39.3,41.6,33.4,29.6,35.2,36.6,32.6,35.3,35.7,33.6,32.6,34.6,8.7,4.5,5.3,6.6,7.2,7.1,6.8,6.3,5.2,5.7,6.5,8.0,9.0,8.9
463,16068,27.0,34.6,35.7,36.0,33.1,29.7,24.8,20.9,26.3,29.6,26.5,30.2,28.4,28.5,8.2,6.9,6.0,7.1,9.5,8.3,11.0,9.1,11.0,9.7,9.3,9.4,8.4,8.2
464,16069,21.0,22.5,30.7,31.6,27.9,24.4,24.3,17.7,22.6,25.0,25.3,23.3,21.2,18.1,8.7,8.5,7.6,5.1,7.2,7.9,4.8,5.5,3.8,5.6,5.0,8.2,10.2,7.7
465,16070,33.0,37.7,42.2,43.4,36.8,36.1,32.5,27.3,27.9,31.2,31.1,29.1,33.0,30.8,7.8,8.9,5.7,7.2,8.5,11.4,9.8,8.4,7.2,6.9,7.1,9.1,10.1,10.4
466,16071,28.7,33.1,35.8,39.1,32.7,24.4,26.6,21.5,23.7,22.2,29.5,22.1,24.4,26.1,8.3,6.5,5.8,5.1,10.4,10.3,7.3,7.3,8.1,4.7,6.5,7.8,9.9,7.8
467,16072,33.9,35.1,43.6,35.6,37.6,25.4,29.9,29.2,31.7,29.2,31.7,31.2,29.3,30.0,9.2,6.7,5.4,6.0,5.2,7.1,3.5,9.4,4.3,6.8,9.9,13.7,11.5,10.1
468,16073,25.9,29.4,36.8,36.7,32.0,28.3,28.8,26.9,27.9,29.4,35.1,29.8,30.2,35.1,8.3,8.0,10.2,8.6,9.0,7.3,9.5,9.9,10.9,9.4,8.2,8.2,9.2,8.4
469,16074,26.1,32.1,35.1,38.8,31.8,24.3,30.5,22.9,29.8,33.1,29.4,27.6,30.2,28.6,7.9,5.0,7.9,6.0,7.0,14.6,8.2,6.1,5.9,6.6,4.3,8.8,5.5,5.7
470,16075,26.8,29.5,36.2,38.7,34.4,26.7,31.3,27.0,28.0,27.5,30.4,30.7,30.8,31.0,5.6,6.0,5.1,6.8,7.5,6.9,5.3,6.5,4.6,5.9,9.0,9.0,7.9,7.1
471,16076,25.8,36.5,39.0,40.1,35.0,29.5,28.1,25.3,25.6,33.0,30.9,30.9,30.0,29.2,6.2,5.9,8.7,6.6,7.6,6.5,7.4,5.4,6.5,5.6,8.8,5.6,9.4,9.2
472,16077,30.3,34.7,39.8,39.8,34.8,32.4,32.0,28.0,27.3,33.8,33.6,32.7,32.8,32.8,6.7,6.1,6.0,5.8,7.6,7.9,5.5,5.6,6.1,6.2,5.0,6.9,6.8,8.0
